Domain,Having_@_symbol,Having_IP,Path,Prefix_suffix_separation,Protocol,Redirection_//_symbol,Sub_domains,URL_Length,age_domain,dns_record,domain_registration_length,http_tokens,label,statistical_report,tiny_url,web_traffic,nb_dots,nb_qm,nb_and,nb_eq,ratio_digits_url,punycode,domain_in_brand,brand_in_path,suspecious_tld
asesoresvelfit.com,0,0,/media/datacredito.co/,0,http,0,0,0,0,0,1,0,1,0,1,1,2,0,0,0,0,0,0,0,0
caixa.com.br.fgtsagendesaqueconta.com,0,0,/consulta8523211/principal.php,0,http,0,1,1,0,0,1,0,1,1,0,1,4,0,0,0,0,0,1,0,0
hissoulreason.com,0,0,/js/homepage/home/,0,http,0,0,0,0,0,1,0,1,0,0,1,2,0,0,0,0,0,0,0,0
unauthorizd.newebpage.com,0,0,/webapps/66fbf/,0,http,0,0,0,0,0,1,0,1,1,0,1,2,0,0,0,0,0,0,0,0
133.130.103.10,0,1,/23/,0,http,0,2,0,1,0,1,0,1,0,0,1,3,0,0,0,1,0,0,0,0
dj00.co.vu,1,0,/css/,0,http,0,0,2,1,1,1,0,1,1,0,0,2,0,0,0,0,0,0,0,1
133.130.103.10,0,1,/21/logar/,0,http,0,2,0,1,0,1,0,1,0,0,1,3,0,0,0,1,0,0,0,0
httpssicredi.esy.es,0,0,/servico/sicredi/validarclientes/mobi/index.php,0,http,0,2,2,1,1,1,1,1,1,0,1,2,0,0,0,0,0,1,0,0
gamesaty.ga,0,0,/wp-content///yh/en/,0,http,1,0,2,1,0,1,0,1,0,0,1,1,0,0,0,0,0,0,0,1
luxuryupgradepro.com,0,0,/ymailNew/ymailNew/,0,http,0,0,0,0,0,1,0,1,0,0,1,2,0,0,0,0,0,0,0,0
133.130.103.10,0,1,/1/,0,http,0,2,0,1,0,1,0,1,0,0,1,3,0,0,0,1,0,0,0,0
133.130.103.10,0,1,/24/sicredi/psmlId/31/paneid/index.htm,0,http,0,1,2,1,0,1,0,1,0,0,1,3,0,0,0,1,0,0,0,0
smscaixaacesso.hol.es,0,0,,0,http,0,0,0,1,1,1,0,1,1,0,1,2,0,0,0,0,0,1,0,0
133.130.103.10,0,1,/7/SIIBC/siwinCtrl.php,0,http,0,1,0,1,0,1,0,1,0,0,1,3,0,0,0,1,0,0,0,0
tinyurl.com,0,0,/kjmmw57,0,http,0,0,0,0,0,0,0,1,0,1,0,1,0,0,0,0,0,0,0,0
wrightlandscapes.org,0,0,/no/T/Y1.html,0,http,0,0,0,1,0,1,0,1,1,0,1,2,0,0,0,0,0,0,0,0
mautic.eto-cms.ru,0,0,/themes/goldstar/mtbonline/newmandt/,1,http,0,0,2,0,0,1,0,1,0,0,1,2,0,0,0,0,0,0,0,0
ginatringali.com,0,0,//al/alibaba21012015/alibaba21012015/666/index.html,0,http,1,0,2,0,0,0,0,1,1,0,1,2,0,0,0,0,0,0,0,0
staticmail.000webhostapp.com,0,0,/,0,https,0,0,0,0,0,0,0,1,0,0,0,2,0,0,0,0.2,0,0,0,0
umeda.com.br,0,0,/bba/BOA/home/,0,http,0,0,0,1,0,1,0,1,1,0,1,2,0,0,0,0,0,0,0,0
krishworldwide.com,0,0,/BackUp/under/js/ayo1/index.html,0,http,0,0,2,0,0,1,0,1,0,0,1,1,0,0,0,0,0,0,0,0
yahoo.co.in,0,0,/email_open_log_pic.php,0,http,0,2,1,1,0,1,0,1,0,0,2,2,0,0,0,0,0,0,0,0
www.avcc.ac.in,0,0,/fonts/1/wropboxp/login.html,0,http,0,1,0,1,0,1,0,1,0,0,2,3,0,0,0,0,0,0,0,0
craig-hallum.ga,0,0,/sgg/1/login.htm,1,http,0,0,0,1,0,1,0,1,1,0,1,2,0,0,0,0,0,0,0,1
www.verification-mobile-nab.com,0,0,/cgi/e8e11a52ed442dc4b327eaa2f19c2521/login/,1,http,0,0,1,1,1,1,0,1,1,0,1,3,0,0,0,0,0,0,1,0
verification-mobile-nab.com,0,0,/cgi/e8e11a52ed442dc4b327eaa2f19c2521/login/,1,http,0,0,1,1,1,1,0,1,1,0,1,3,0,0,0,0,0,0,1,0
www.justpiddlinboutique.com,0,0,/win/image.htm,0,http,0,2,0,2,0,1,0,1,0,0,1,2,0,0,0,0,0,0,0,0
vcsolutionscorp.com,0,0,/Block/image.htm,0,http,0,0,0,0,0,1,0,1,0,0,1,2,0,0,0,0,0,0,0,0
almasur.com,0,0,/wp-includes/pomo/docusign17/,0,http,0,0,0,0,0,0,0,1,0,0,1,1,0,0,0,0,0,0,0,0
asesoresvelfit.com,0,0,/media/cms/datacredito.co/,0,http,0,0,0,0,0,1,0,1,0,1,1,2,0,0,0,0,0,0,0,0
getpeopleplus.com,0,0,/EserviceMain/irs/ir/index.html,0,https,0,0,2,0,0,1,0,1,0,0,1,2,0,0,0,0,0,0,0,0
taeamigo.com,0,0,/EserviceMain/irs/ir/index.html,0,https,0,0,0,0,0,1,0,1,0,0,1,1,0,0,0,0,0,0,0,0
elmundo-latino.com,0,0,/ir/index.html,1,https,0,0,0,0,0,1,0,1,0,0,1,2,0,0,0,0,0,0,0,0
sociopremiosedescontos.com,0,0,/cadastro/,0,http,0,0,0,1,1,1,0,1,1,0,1,2,0,0,0,0,0,0,0,0
cartaopremiadosicoob.com,0,0,,0,http,0,0,0,1,1,1,0,1,1,0,1,2,0,0,0,0,0,1,0,0
ms-0ffice365supportplanquota.us.com0203499083934.elegantvapour.co.uk,0,0,/0-009021--0203499083934.l3992389100283901233232400349902132443940090132/hotmail.login/client_id=00000002-0000-0ff1-ce00-000000000000&amp;/000-pc.domain/officelogin1.html,1,http,0,1,1,0,0,1,0,1,1,0,2,3,0,0,0,0.21,0,1,0,0
www.travrica.com,0,0,/ntime/T/Y1.html,0,http,0,2,0,1,1,1,0,1,0,0,1,2,0,0,0,0,0,0,0,0
system-tnc.esy.es,0,0,/recovery-chekpoint-login.html,1,http,0,2,2,1,1,1,0,1,1,0,1,2,0,0,0,0,0,0,0,0
sandralucashyde.org,0,0,/login.yahoo/yahoo.com%20[Lastet%20Update]/indexz.html,0,http,0,1,1,0,0,1,0,1,0,0,1,2,0,0,0,0,0,0,0,0
alexanderpetricek.com,0,0,/EserviceMain/irs/ir/index.html,0,http,0,0,2,2,0,2,0,1,0,0,1,2,0,0,0,0,0,0,0,0
di15.co.vu,0,0,/css/,0,http,0,0,2,1,1,1,0,1,1,0,0,2,0,0,0,0.13,0,0,0,1
sicredisms.ignitiondomain.com,0,0,/2017/validarclientes/mobi/index.php,0,http,0,2,2,0,0,0,0,1,1,0,2,2,0,0,0,0,0,1,0,0
rajspaces.com,0,0,/EserviceDLAcct/irs/ir/index.html,0,https,0,0,2,1,1,1,0,1,1,0,1,1,0,0,0,0,0,0,0,0
fb-systemapps.esy.es,0,0,/recovery-chekpoint-login.html,1,http,0,2,2,1,1,1,0,1,1,0,1,2,0,0,0,0,0,1,0,0
signin-activitysupport.helpcenter-supportfraudsignin.com,0,0,/mpp/signin/f341/,1,https,0,0,1,1,1,1,0,1,1,0,1,3,0,0,0,0,0,0,0,0
www.citadelchurchjax.com,0,0,/wp-admin/validateowa/owa/WebAdmin/Outlook%20Web%20App.htm,0,http,0,2,1,0,0,0,0,1,0,1,1,3,0,0,0,0,0,0,0,0
pradochaui.com.br,0,0,/criptografado1/index1.php,0,http,0,2,0,1,0,1,0,1,1,0,1,3,0,0,0,0,0,0,0,0
simnokomun.lt,0,0,/upload/omo/newgd2/newgd/moole/index.php,0,http,0,0,2,1,0,1,0,1,0,0,1,1,0,0,0,0,0,0,0,0
di11.co.vu,0,0,/css/,0,http,0,0,2,1,1,1,0,1,1,0,0,2,0,0,0,0.13,0,0,0,1
www.alligator.site,0,0,/wp-content/wall/gallary/fin/,0,http,0,0,2,1,1,1,0,1,1,0,1,2,0,0,0,0,0,0,0,1
tinyurl.com,0,0,/le5tcvf,0,http,0,0,0,0,0,0,0,1,0,1,0,1,0,0,0,0,0,0,0,0
tinyurl.com,0,0,/ll59xhm,0,http,0,0,0,0,0,0,0,1,0,1,0,1,0,0,0,0,0,0,0,0
tr.im,0,0,/1e0rQ,0,https,0,0,0,1,0,1,0,1,0,1,2,1,0,0,0,0,0,0,0,0
www.gommetermiche.it,0,0,/administrator/modules/auth.att.secure/login.htm,0,https,0,1,1,0,0,1,0,1,1,0,1,2,0,0,0,0,0,0,0,0
indonesianwonderagate.com,0,0,/zee/validate.htm,0,http,0,1,1,0,0,1,0,1,0,1,1,2,0,0,0,0,0,0,0,0
tinyurl.com,0,0,/ll59xhm,0,http,0,0,0,0,0,0,0,1,0,1,0,1,0,0,0,0,0,0,0,0
consultafgts.esy.es,0,0,/home,0,http,0,0,0,1,1,1,0,1,1,0,1,2,0,0,0,0,0,1,0,0
www.ultrakoz.com,0,0,/uploads/files/reloadedatt.net.html,0,http,0,1,2,0,0,1,0,1,0,0,1,2,0,0,0,0,0,0,0,0
www.blackabba.com,0,0,/sign-on/yahoo/Y1.html,0,http,0,2,0,2,0,1,0,1,0,0,1,2,0,0,0,0,0,0,0,0
carretroller.com.br,0,0,/sss/image.htm,0,http,0,2,0,1,0,1,0,1,0,0,1,2,0,0,0,0,0,0,0,0
www.mamujutengahkab.go.id,0,0,/terasconfig/www.att.net/,0,https,0,1,2,2,0,2,0,1,0,0,2,3,0,0,0,0,0,0,0,0
sandralucashyde.org,0,0,/login.yahoo/yahoo.com%20[Lastet%20Update]/indexz.html,0,http,0,1,1,0,0,1,0,1,0,0,1,2,0,0,0,0,0,0,0,0
extratoinativos.com,0,0,/Inativos/,0,http,0,0,0,0,0,1,0,1,1,0,1,2,0,0,0,0,0,0,0,0
consultar-fgts.com,0,0,/1index.php,1,http,0,0,0,0,0,1,0,1,1,0,1,2,0,0,0,0,0,1,0,0
portal-consultafgts.com,0,0,/caixa.gov.br/pages/inter/index.php,1,http,0,1,2,0,0,1,0,1,1,0,1,2,0,0,0,0,0,1,0,0
ni1232966-3.web20.nitrado.hosting,0,0,/finance/fnce/,1,http,0,2,2,1,1,1,0,1,0,0,2,3,0,0,0,0.25,0,0,0,0
fgtsliberacao.com,0,0,/processa.php,0,http,0,0,0,0,0,1,0,1,1,0,1,2,0,0,0,0,0,1,0,0
jokextreme.com,0,0,/irs.return/Payment%20Lookup.html,0,https,0,2,2,1,1,1,0,1,1,0,1,1,0,0,0,0,0,0,0,0
fb-safetyhelp.esy.es,0,0,/recovery-chekpoint-login.html,1,http,0,2,2,1,1,1,0,1,1,0,1,2,0,0,0,0,0,1,0,0
fb-securitypolicy101inc.esy.es,0,0,/recovery-chekpoint-login.html,1,http,0,2,2,1,1,1,0,1,1,0,1,2,0,0,0,0,0,1,0,0
fb-securityaccountlogincheck808.esy.es,0,0,/recovery-chekpoint-login.html,1,http,0,2,2,1,1,1,0,1,1,0,1,2,0,0,0,0.1,0,1,0,0
laghaimrevolution.com,0,0,/sign-on/yahoo/Y1.html,0,http,0,0,0,0,0,1,0,1,0,0,1,2,0,0,0,0,0,0,0,0
settings-acct024631.esy.es,0,0,/recovery-chekpoint-login.html,1,http,0,2,2,1,0,1,0,1,1,0,1,2,0,0,0,0.25,0,0,0,0
horizongarments.com,0,0,/Asher/image.htm,0,http,0,0,0,2,0,2,0,1,0,0,1,2,0,0,0,0,0,0,0,0
shittyurl.org,0,0,/5u,0,http,0,0,0,0,0,1,0,1,0,0,1,1,0,0,0,0,0,0,0,0
ni1232966-4.web16.nitrado.hosting,0,0,/ye/cmbr/,1,http,0,2,0,1,1,1,0,1,0,0,2,3,0,0,0,0.25,0,0,0,0
system-support-il.hol.es,0,0,/facebook-security,1,http,0,0,0,1,0,1,0,1,1,0,1,3,0,0,0,0,0,0,0,0
ow.ly,0,0,/IIzC30bBG3c,0,http,0,0,0,1,0,1,0,1,1,1,2,1,0,0,0,0,0,0,0,0
caixaservicosonline.epizy.com,0,0,,0,http,0,0,0,1,0,2,0,1,0,0,0,2,0,0,0,0,0,1,0,0
sandralucashyde.org,0,0,/login.yahoo/yahoo.com%20%5BLastet%20Update%5D/indexz.html,0,http,0,1,1,0,0,1,0,1,0,0,1,2,0,0,0,0,0,0,0,0
anniey06l5.myjino.ru,1,0,/byte/Cookies/Cookies/Pelewura/onlineverifica@tion/Preview.htm,0,http,0,2,1,0,0,1,0,1,1,0,1,2,0,0,0,0.14,0,0,0,0
www.supportt-team.com,0,0,/Confirmed/MyAccount/,1,http,0,0,0,0,0,1,0,1,1,0,1,3,0,0,0,0,0,0,0,0
forms.zohopublic.com,0,0,/koogee/form/ACTIVATIONFORM/formperma/g51Bb2g53DaChBA4be0h2kCA_,0,https,0,0,1,0,0,0,0,1,0,0,0,2,0,0,0,0,0,0,0,0
www.surveybuilder.com,0,0,/s/oFh4R/nav,0,https,0,0,0,2,0,2,0,1,0,0,2,2,0,0,0,0,0,0,0,0
a.doko.moe,0,0,/vschbi.html,0,https,0,2,0,2,0,1,0,1,0,0,2,2,0,0,0,0,0,0,0,0
forms.zohopublic.com,0,0,/foolieax/form/VERIFICATIONFROM/formperma/hg_466jHhCK6_6D61K5AC9eA4,0,https,0,0,1,0,0,0,0,1,0,0,0,2,0,0,0,0,0,0,0,0
muththamizh.com,0,0,/llc/production-llc/,0,http,0,0,0,0,0,0,0,1,0,0,1,1,0,0,0,0,0,0,0,0
cortazarurdaneta.com,0,0,/chn/5adfd99cf03b06771d81f8b5607f1d7e/,0,http,0,0,2,0,0,1,0,1,0,0,1,2,0,0,0,0,0,0,0,0
chasebankusa.paradisepaymentgold.com,0,0,/verification/M2908D716C8M54904AC8/card.php,0,http,0,2,1,1,1,1,0,1,1,0,1,2,0,0,0,0,0,1,0,0
briut.fruitfuldemo.com,0,0,/,0,http,0,0,0,0,0,1,0,1,0,0,1,2,0,0,0,0,0,0,0,0
afraniorodriguezrosero.com,0,0,/wp-admin/themes/pdf/,0,http,0,0,2,1,1,1,0,1,1,0,1,2,0,0,0,0,0,0,0,0
recovery-account-fb.hol.es,0,0,/facebook-support,1,http,0,0,1,1,0,1,0,1,1,0,1,3,0,0,0,0,0,1,0,0
verification-members.net,0,0,/webapps/3db39/,1,https,0,0,0,1,1,1,0,1,1,0,1,2,0,0,0,0,0,0,0,0
rajspaces.com,0,0,/upload/EserviceDLAcct/irs/ir/index.html,0,https,0,0,2,1,1,1,0,1,1,0,1,1,0,0,0,0,0,0,0,0
promocao-sicoob.cf,0,0,,1,http,0,0,0,1,0,1,0,1,1,0,1,2,0,0,0,0,0,1,0,1
secure-fbpages-notification.com,0,0,/,1,https,0,0,0,1,1,1,0,1,1,0,1,3,0,0,0,0,0,1,0,0
olcmeapp.com,0,0,/mko/image.htm,0,https,0,0,0,0,0,1,0,1,0,0,1,1,0,0,0,0,0,0,0,0
support-110048480a.esy.es,0,0,/security.page/,1,http,0,2,0,1,0,1,0,1,1,0,1,2,0,0,0,0.3,0,0,0,0
lesaventuriersvoyageurs.com,0,0,/js/paypal-account-confirm,0,http,0,0,2,2,0,2,0,1,0,0,1,2,0,0,0,0,0,0,0,0
restauracjagreenpepper.pl,0,0,//payment/payment/index.php,0,http,1,0,2,0,0,1,0,1,0,0,1,1,0,0,0,0,0,0,0,0
scs-network.com,0,0,/umpi/eba.html,1,http,0,0,0,0,0,0,0,1,0,0,2,2,0,0,0,0,0,0,0,0
redux.news,0,0,/chase/update/,0,https,0,0,0,1,1,1,0,1,1,0,1,1,0,0,0,0,0,0,0,0
cmfidouala.org,0,0,/jsdhkjhjdf/cgi-bin/image.htm,0,http,0,0,0,2,0,2,0,1,0,0,1,2,0,0,0,0,0,0,0,0
olcmeapp.com,0,0,/lol/image.htm,0,https,0,0,0,0,0,1,0,1,0,0,1,1,0,0,0,0,0,0,0,0
livewellprojects.com,0,0,/bay/T/Y1.html,0,http,0,0,0,0,0,1,0,1,0,0,1,2,0,0,0,0,0,0,0,0
attnethelp.webnode.com,0,0,,0,http,0,0,0,2,0,0,0,1,0,0,1,2,0,0,0,0,0,1,0,0
tinyurl.com,0,0,/kvuukxs,0,https,0,0,0,0,0,0,0,1,0,1,0,1,0,0,0,0,0,0,0,0
ridinghouseindia.com,0,0,/ywhl/Y%20index.html,0,http,0,0,0,0,0,1,0,1,0,0,1,2,0,0,0,0,0,0,0,0
amethystia.com,0,0,/T/Y1.html,0,http,0,0,0,0,0,0,0,1,0,0,1,1,0,0,0,0,0,0,0,0
paialowereasterncherokeenationsc.com,0,0,/aaaaa/login.htm,0,http,0,0,2,2,0,2,0,1,0,0,1,2,0,0,0,0,0,0,0,0
cover-acct06437.esy.es,0,0,/recovery-chekpoint-login.html,1,http,0,2,2,1,0,1,0,1,1,0,1,2,0,0,0,0.2,0,0,0,0
www.aharsntenetsrelsioncustomizedia.com,0,0,/domain/indexx.htm,0,http,0,2,2,1,1,1,0,1,1,0,1,2,0,0,0,0,0,0,0,0
safety-acct-003342.esy.es,0,0,/recovery-chekpoint-login.html,1,http,0,2,2,1,0,1,0,1,1,0,1,3,0,0,0,0.25,0,0,0,0
dressesmela.com,0,0,//kmd/image.htm,0,http,1,0,0,0,0,1,0,1,0,0,1,1,0,0,0,0,0,0,0,0
www.sicredisic.com.br,0,0,,0,http,0,2,0,1,0,1,0,1,1,0,1,3,0,0,0,0,0,1,0,0
31.220.111.56,0,1,/asdq12/,0,http,0,2,0,1,0,1,0,1,0,0,1,3,0,0,0,1,0,0,0,0
kuswanto.co.id,0,0,/wp-includes/cs/Indexxatt.htm,0,http,0,2,0,1,1,1,0,1,1,0,1,2,0,0,0,0,0,0,0,0
formcrafts.com,0,0,/a/valaccount,0,https,0,0,0,0,0,1,0,1,0,0,2,1,0,0,0,0,0,0,0,0
mattewfisher1.000webhostapp.com,0,0,/sal/YAH%21%21./ya2/index.php,0,https,0,1,2,0,0,0,0,1,0,0,0,2,0,0,0,0.09,0,0,0,0
www.singandvoice.com,0,0,/10405.php,0,http,0,2,0,1,1,1,0,1,1,0,1,2,0,0,0,0,0,0,0,0
www.sententia.com.ar,0,0,/PayPal/get_started/,0,http,0,2,0,1,1,1,0,1,0,0,1,3,0,0,0,0,0,0,0,0
149.56.201.163,0,1,/nis-card/,0,http,0,2,0,1,1,1,0,1,0,0,1,3,0,0,0,1,0,0,0,0
web-designing-india.org,0,0,/dpbx/dpbx/index.php,1,http,0,0,0,2,0,1,0,1,0,0,1,3,0,0,0,0,0,0,0,0
54.157.20.99,0,1,/principal.php,0,http,0,1,0,1,1,1,0,1,0,0,1,3,0,0,0,1,0,0,0,0
www.sea.com.sa,0,0,/images/filetypes/bankofamericam.com.8789373899383mins.rmsmrr/index,0,http,0,1,1,1,0,1,0,1,0,0,2,3,0,0,0,0,0,0,0,0
zogheb.com,0,0,/tooo/index_1.html,0,http,0,0,0,0,0,1,0,1,0,0,1,1,0,0,0,0,0,0,0,0
fgtscontasinativas.online,0,0,/home,0,http,0,0,0,1,1,1,0,1,1,0,1,2,0,0,0,0,0,1,0,0
consultasinvativasfgts.com,0,0,/processa.php,0,http,0,0,0,1,1,1,0,1,1,0,1,3,0,0,0,0,0,1,0,0
extratofgtsonline.com,0,0,/1index.php,0,http,0,0,0,0,0,1,0,1,1,0,1,2,0,0,0,0,0,1,0,0
store2.apple.ch.email-forwarding.webstore.websis.info,0,0,/sp/79900b0f5b721ddb89396e71eb7fad41/infos.html,1,http,0,1,1,0,0,1,0,1,1,0,1,5,0,0,0,0,0,1,0,0
www.citadelchurchjax.com,0,0,/wp-admin/data/owa/WebAdmin/Outlook%20Web%20App.htm,0,http,0,2,1,0,0,0,0,1,0,1,1,3,0,0,0,0,0,0,0,0
peloclub.com,0,0,/onlinepdffiles/Adobe/Adobe/property/adobe/index.html,0,http,0,0,2,0,0,1,0,1,0,0,1,1,0,0,0,0,0,0,0,0
www.innovi.cc,0,0,/tos/script/mail.htm,0,https,0,2,1,2,0,2,0,1,0,0,1,2,0,0,0,0,0,0,0,1
www.momsweetmoms.com,0,0,/demo2/Dropbox/Dropbox/,0,http,0,0,0,0,0,1,0,1,0,0,2,2,0,0,0,0,0,0,0,0
www.samanesang.com,0,0,/wp-content/themes/PDF/PDF/login.htm,0,http,0,2,2,1,1,1,0,1,1,0,1,2,0,0,0,0,0,0,0,0
store2.apple.ch.email-forwarding.webstore.websis.info,0,0,/de/,1,http,0,1,2,0,0,1,0,1,1,0,1,5,0,0,0,0,0,1,0,0
suisscards-ch.elecapponline.net,0,0,/ch-de/suisse/,1,http,0,0,0,1,1,1,0,1,1,0,1,3,0,0,0,0,0,0,0,0
store2.apple.ch.email-forwarding.webstore.websis.info,0,0,/sp/,1,http,0,1,2,0,0,1,0,1,1,0,1,5,0,0,0,0,0,1,0,0
asa-direct.ru,0,0,/bitrix/updates/servi/fr/doss/,1,http,0,0,0,0,0,1,0,1,0,0,2,2,0,0,0,0,0,0,0,0
pascasarjana.uniba-bpn.ac.id,0,0,/administrator/components/com_joomlaupdate/redire.html,1,http,0,1,1,2,0,2,0,1,0,0,2,4,0,0,0,0,0,0,0,0
hb.redllink.com,0,0,/.ars/empresas/login.htm,0,http,0,1,0,1,1,1,0,1,1,0,1,2,0,0,0,0,0,0,0,0
hb.redllink.com,0,0,/.ars/empresas/login.htm,0,http,0,1,2,1,1,1,0,1,1,0,1,2,0,0,0,0,0,0,0,0
xenangdaiduong.com.vn,0,0,/wp-config/Sign/,0,http,0,0,0,1,1,1,0,1,0,0,1,2,0,0,0,0,0,0,0,0
tizianabeauty.ch,0,0,/wp-content/plugins/Manage/ar4d65/checking/check/Support/ID-NUMB389/myaccount/signin/,0,http,0,0,1,1,0,1,0,1,0,0,1,1,0,0,0,0,0,0,0,0
zemindar.lt,0,0,/wp-content/languages/dpbx/index.php,0,http,0,0,2,1,0,1,0,1,0,0,2,1,0,0,0,0,0,0,0,0
www.crielv.com.br,0,0,/images/start2.php,0,http,0,1,0,1,0,1,0,1,0,0,1,3,0,0,0,0,0,0,0,0
www.sagittariusglobal.com,0,0,//portal/cache/Cielo/ambiente-seguro.php,0,http,1,2,2,0,0,1,0,1,0,0,1,2,0,0,0,0,0,0,0,0
www.sagittariusglobal.com,0,0,//portal/cache/Cielo/index.html,0,http,1,2,2,0,0,1,0,1,0,0,1,2,0,0,0,0,0,0,0,0
goo.gl,0,0,/MMT7sp,0,https,0,0,0,1,0,1,0,1,0,1,0,1,0,0,0,0,0,0,0,0
abuv.com.br,0,0,/cliente.conectado40/atendimento_pessoa_fisica/criptografado/index1.php,0,http,0,1,1,1,0,1,0,1,0,0,1,2,0,0,0,0,0,0,0,0
voetudoazul.serveuser.com,0,0,/tudoazul/cadastre.php,0,http,0,2,2,0,0,1,0,1,0,0,2,2,0,0,0,0,0,0,0,0
www.rustmaster.com.br,0,0,/ml/next1.php,0,https,0,1,0,1,0,1,0,1,0,0,1,3,0,0,0,0,0,0,0,0
www.rustmaster.com.br,0,0,/ml/,0,https,0,2,0,1,0,1,0,1,0,0,1,3,0,0,0,0,0,0,0,0
30horasdigital.myvnc.com,0,0,/30horasdigitalmodulodesegurancafeitoparavoce/,0,http,0,0,1,1,1,1,0,1,1,0,1,2,0,0,0,0.07,0,0,0,0
i-house.se,0,0,/wp-trackback/en/,1,http,0,0,1,0,0,1,0,1,0,0,1,2,0,0,0,0,0,0,0,0
prayogispl.in,0,0,/elisnow/ymail.html,0,http,0,0,0,1,1,1,0,1,1,0,1,1,0,0,0,0,0,0,0,0
zdcp.org,0,0,/iiii/feedback/login.alibaba.com/login.html,0,http,0,1,2,1,0,1,0,1,1,0,1,1,0,0,0,0,0,0,0,0
celebrapack.com,0,0,/dhnl/DHL/DHL/,0,http,0,0,0,0,0,1,0,1,0,0,1,1,0,0,0,0,0,0,0,0
www.hyperbay.net,0,0,/merchants/controller/tool/www.alibaba.com/alibaba/trade.php,0,http,0,1,1,1,1,1,0,1,1,0,1,2,0,0,0,0,0,0,0,0
thehotelmanagment.com,0,0,/Prime/,0,http,0,0,0,1,1,1,0,1,1,1,1,2,0,0,0,0,0,0,0,0
binary-project.com,0,0,/cha/chase/home/action.php,1,https,0,0,0,0,0,1,0,1,0,1,2,2,0,0,0,0,0,0,0,0
abuv.com.br,0,0,/cliente.conectado33/atendimento_pessoa_fisica/criptografado/index1.php,0,http,0,1,1,1,0,1,0,1,0,0,1,2,0,0,0,0,0,0,0,0
cover-acct09964.esy.es,0,0,/recovery-chekpoint-login.html,1,http,0,2,2,1,1,1,0,1,1,0,1,2,0,0,0,0.2,0,0,0,0
academica.pt,0,0,/U/mail.htm,0,http,0,0,0,1,1,1,0,1,0,0,2,1,0,0,0,0,0,0,0,0
kalempong-fb01.esy.es,0,0,/recovery-chekpoint-login.html,1,http,0,2,2,1,1,1,0,1,1,0,1,2,0,0,0,0.07,0,1,0,0
dujanapublicschool.com,0,0,/b/WellsLINK/WellsLINK/WellsLINK/WellsLINK/WellsLINK/WellsLINK/WellsLINK/WellsLINK/WellsLINK/WellsLINK/WellsLINK/WellsLINK/index.html,0,http,0,0,1,0,0,1,0,1,0,0,1,2,0,0,0,0,0,0,0,0
abuv.com.br,0,0,/cliente.conectado1/atendimento_pessoa_fisica/criptografado/index1.php,0,http,0,1,1,1,0,1,0,1,0,0,1,2,0,0,0,0,0,0,0,0
paialowereasterncherokeenationsc.com,0,0,/aaaaa/login.htm,0,http,0,0,2,2,0,2,0,1,0,0,1,2,0,0,0,0,0,0,0,0
abuv.com.br,0,0,/1cliente.conectado.jw1/atendimento_pessoa_fisica/criptografado/index1.php,0,http,0,1,1,1,0,1,0,1,0,0,1,2,0,0,0,0,0,0,0,0
34.201.92.123,0,1,/indisponivel.php,0,http,0,1,0,1,1,1,0,1,0,0,1,3,0,0,0,1,0,0,0,0
149.56.144.216,0,1,/processa.php,0,http,0,1,0,1,1,1,0,1,0,0,1,3,0,0,0,1,0,0,0,0
jose200495fgts.com,0,0,/processa.php,0,http,0,0,0,1,1,1,0,1,1,0,1,1,0,0,0,0.2,0,1,0,0
34.224.68.176,0,1,/principal.php,0,http,0,1,0,1,1,1,0,1,0,0,1,3,0,0,0,1,0,0,0,0
consultasaldossl.com,0,0,,0,http,0,0,0,0,0,1,0,1,1,0,1,2,0,0,0,0,0,0,0,0
meusaldos.com,0,0,,0,http,0,0,0,0,0,1,0,1,1,0,1,1,0,0,0,0,0,0,0,0
fgts-mobile.com,0,0,/processa.php,1,http,0,0,0,0,0,1,0,1,1,0,1,2,0,0,0,0,0,1,0,0
fgts.mobi,0,0,/processa.php,0,http,0,0,0,0,0,1,0,1,1,0,1,1,0,0,0,0,0,1,0,0
aolonlineservices.cba.pl,0,0,/chase.php,0,http,0,2,0,0,0,1,0,1,0,0,0,2,0,0,0,0,0,0,0,0
caixa.extratofgtsliberados2017.com,0,0,/consulta8647454/principal.php,0,http,0,2,2,0,0,1,0,1,1,0,1,3,0,0,0,0,0,1,0,0
webmailupgrade-001-site1.itempurl.com,0,0,/webmaster-secure/owa/confirm.php,1,http,0,2,1,0,0,1,0,1,1,0,2,3,0,0,0,0.1,0,0,0,0
scs-network.com,0,0,/umpi/dba.html,1,http,0,0,0,0,0,0,0,1,0,0,2,2,0,0,0,0,0,0,0,0
shittyurl.org,0,0,/5q,0,http,0,0,0,0,0,1,0,1,0,0,1,1,0,0,0,0,0,0,0,0
ronin.com.pk,0,0,/hnm/logintoyahoomail.htm,0,http,0,2,0,1,1,1,0,1,0,0,1,1,0,0,0,0,0,0,0,0
raik.hub-web.com,0,0,/proccesing-fbaccountss/login.php,1,http,0,2,2,1,1,1,0,1,1,0,1,2,0,0,0,0,0,0,0,0
provoliprints.gr,0,0,/001/update.html,0,http,0,0,0,1,0,1,0,1,0,0,1,1,0,0,0,0,0,0,0,0
service-info-dk.hol.es,0,0,/facebook-confirmation,1,http,0,0,0,1,1,1,0,1,1,0,1,3,0,0,0,0,0,0,0,0
www.goepsa.com,0,0,/Old%20Files/yahoo/IDCHECK.html,0,http,0,2,0,0,0,1,0,1,0,0,1,2,0,0,0,0,0,0,0,0
tinyurl.com,0,0,/kbvf6qz,0,http,0,0,0,0,0,0,0,1,0,1,0,1,0,0,0,0,0,0,0,0
dh16.co.vu,0,0,/css//,0,http,1,0,2,1,1,1,0,1,1,0,0,2,0,0,0,0.13,0,0,0,1
kontuit-fb01.esy.es,0,0,/recovery-chekpoint-login.html,1,http,0,2,2,1,1,1,0,1,1,0,1,2,0,0,0,0.07,0,1,0,0
hunmumu.com,0,0,/str/Ma/,0,http,0,0,0,0,0,1,0,1,1,0,1,1,0,0,0,0,0,0,0,0
ctrl4enviro.com,1,0,/wp-includes/SimplePie/Content/Type/Caption/Pelewura/onlineverifica@tion/Preview.htm,0,http,0,0,1,0,0,1,0,1,0,0,1,1,0,0,0,0,0,0,0,0
wwp-cartasi-titoari-portale-sicreuzza-2017.dynamic-dns.net,0,0,/gtwpage1e10/index-jsp.html,1,http,0,2,1,0,0,0,0,1,0,0,2,5,0,0,0,0.05,0,0,1,0
communitysicurezza.3mitalia.it,0,0,/iTunesConnecto.store/WebObjects/common/update.woa/app/registre/index.php,0,http,0,1,1,0,0,1,0,1,0,0,2,3,0,0,0,0,0,0,0,0
kustomfloordesigns.com,0,0,/doc!/index.php,0,http,0,0,0,0,0,0,0,1,0,0,1,2,0,0,0,0,0,0,0,0
www.goepsa.com,0,0,/Old%20Files/opt/doneall.html,0,http,0,2,0,2,0,1,0,1,0,0,1,2,0,0,0,0,0,0,0,0
citydesignerweb.com,0,0,/mmm/rain.php,0,http,0,0,0,0,0,1,0,1,0,0,1,2,0,0,0,0,0,0,0,0
www.goepsa.com,0,0,/Old%20Files/yahoo/IDCHECK.html,0,http,0,2,0,2,0,1,0,1,0,0,1,2,0,0,0,0,0,0,0,0
tinyurl.com,0,0,/mt87qw3,0,http,0,0,0,0,0,0,0,1,0,1,0,1,0,0,0,0,0,0,0,0
stikliniekadarbnica.lv,0,0,/zrichieattnii/attiinnddeexx.php,0,http,0,0,2,1,0,1,0,1,1,0,1,2,0,0,0,0,0,0,0,0
caixa.consultafgtsinativoliberado2017.com,0,0,/consulta4023542/indisponivel.php,0,http,0,2,1,0,0,1,0,1,1,0,1,3,0,0,0,0.09,0,1,0,0
sicoob-card.com,0,0,/2017/,1,http,0,0,0,0,0,1,0,1,1,0,1,2,0,0,0,0,0,1,0,0
bit.ly,0,0,/2pWteUy,0,http,0,0,0,1,0,1,0,1,0,1,0,1,0,0,0,0,0,0,0,0
bit.ly,0,0,/2qkCl2Y,0,http,0,0,0,1,0,1,0,1,0,1,0,1,0,0,0,0,0,0,0,0
communicatewithsh.com,0,0,/shellnor/mttkl3.com/2650/1survey/,0,http,0,0,2,0,0,1,0,1,1,0,1,1,0,0,0,0,0,0,0,0
unifr-ch.weebly.com,0,0,/,1,http,0,0,0,0,0,0,0,1,0,0,1,3,0,0,0,0,0,0,0,0
formcrafts.com,0,0,/a/27508,0,https,0,0,0,0,0,1,0,1,0,0,2,1,0,0,0,0,0,0,0,0
www.giftmorden.com,0,0,/a1/crypt/index.html,0,http,0,2,0,1,1,1,0,1,1,0,1,2,0,0,0,0,0,0,0,0
snspsladwa.org,0,0,/googledrive/GDocHistory/e5252c7fc60f2701c2555c99694aca59/,0,https,0,0,1,0,0,1,0,1,0,0,2,1,0,0,0,0,0,0,0,0
outlookmaintenace.urest.org,0,0,/,0,http,0,0,0,0,0,1,0,1,0,0,2,2,0,0,0,0,0,1,0,0
viewerpdf.com,0,0,/098876665/verification.php,0,http,0,0,1,0,0,1,0,1,0,0,1,1,0,0,0,0,0,0,0,0
www.herbertundschnipsi.de,0,0,/fgts/indisponivel.php,0,http,0,2,2,1,0,1,0,1,0,0,1,2,0,0,0,0,0,0,0,0
servicossociaiscaixa.com.br,0,0,,0,http,0,0,0,1,0,1,0,1,1,0,1,3,0,0,0,0,0,1,0,0
karuniabinainsani-16.co.id,0,0,/wp-includes/dev24/home/confirm.php,1,http,0,2,2,1,1,1,0,1,1,0,1,3,0,0,0,0.05,0,0,0,0
violattions-notifications-seresa.esy.es,0,0,/confirmations/index.html,1,http,0,2,2,1,1,1,0,1,1,0,1,3,0,0,0,0,0,0,0,0
recover-acct5487.esy.es,0,0,/recovery-chekpoint-login.html,1,http,0,2,2,1,1,1,0,1,1,0,1,2,0,0,0,0.2,0,0,0,0
bit.ly,0,0,/2pgU0ne,0,http,0,0,0,1,0,1,0,1,0,1,0,1,0,0,0,0,0,0,0,0
skafs.ca,0,0,/Wealthsecuredhelp/ivxn/home/,0,http,0,0,0,1,1,1,0,1,1,0,1,1,0,0,0,0,0,0,0,0
scs-network.com,0,0,/kem/aba.html,1,http,0,0,0,0,0,0,0,1,0,0,2,2,0,0,0,0,0,0,0,0
anuragjewellery.com,0,0,/upd_CH_as/2bc34fe40102b33bffca0b8a38f2b4e7/,0,https,0,0,2,0,0,1,0,1,0,0,1,1,0,0,0,0,0,0,0,0
nnconsultoria.com.br,0,0,/Atendimento.Pessoa.Fisica82/atendimento_pessoa_fisica/criptografado/index1.php,0,http,0,1,1,1,0,1,0,1,0,0,1,2,0,0,0,0,0,0,0,0
anuragjewellery.com,0,0,/upd_CH_as/index.php,0,https,0,0,0,0,0,1,0,1,0,0,1,1,0,0,0,0,0,0,0,0
safety-check-739210.esy.es,0,0,/index.html,1,http,0,2,0,1,1,1,0,1,1,0,1,2,0,0,0,0.25,0,0,0,0
ellimanestate.executeart.in,0,0,/$%25%23&%25*/,0,http,0,0,0,1,0,1,0,1,1,0,1,2,0,0,0,0,0,0,0,0
bit.ly,0,0,/2qpbHFX,0,http,0,0,0,1,0,1,0,1,0,1,0,1,0,0,0,0,0,0,0,0
netibesanta.esy.es,0,0,/www/,0,http,0,0,0,1,1,1,0,1,1,0,1,2,0,0,0,0,0,0,0,0
netibesanta.esy.es,0,0,/,0,http,0,0,0,1,1,1,0,1,1,0,1,2,0,0,0,0,0,0,0,0
nnconsultoria.com.br,0,0,/Atendimento.Pessoa.Fisica13/atendimento_pessoa_fisica/criptografado/index1.php,0,http,0,1,1,1,0,1,0,1,0,0,1,2,0,0,0,0,0,0,0,0
fgts-inativados.com,0,0,/vXs3P4pta6/pages/inter/index.php,1,http,0,0,2,0,0,1,0,1,1,0,1,2,0,0,0,0,0,1,0,0
it-maintenance.tripod.com,0,0,/,1,http,0,0,0,0,0,0,0,1,0,0,1,3,0,0,0,0,0,0,0,0
consultacontasinativa.com,0,0,/gov/processa.php,0,http,0,0,0,0,0,1,0,1,1,0,1,3,0,0,0,0,0,0,0,0
extratoinativo.com,0,0,/inativos/,0,http,0,0,0,0,0,1,0,1,1,0,1,2,0,0,0,0,0,0,0,0
unimore.gr,0,0,/shay/work/page/zip/secure/12120521a7245f21cec4ea331e4498b7/,0,http,0,0,1,1,0,1,0,1,0,0,1,1,0,0,0,0,0,0,0,0
security-update-center.serverlux.me,0,0,/signin/,1,https,0,2,2,0,0,1,0,1,0,0,1,4,0,0,0,0,0,0,0,0
webmupgrde060517.tripod.com,0,0,/,0,http,0,0,0,0,0,0,0,1,0,0,1,3,0,0,0,0.13,0,0,0,0
www.neymo.org,0,0,/joomla/edu/zi.htm,0,http,0,2,0,0,0,1,0,1,0,0,1,2,0,0,0,0,0,0,0,0
nnconsultoria.com.br,0,0,/Atendimento.Pessoa.Fisica23/atendimento_pessoa_fisica/criptografado/index1.php,0,http,0,1,1,1,0,1,0,1,0,0,1,2,0,0,0,0,0,0,0,0
nnconsultoria.com.br,0,0,/Atendimento.Pessoa.Fisica26/atendimento_pessoa_fisica/criptografado/index1.php,0,http,0,1,1,1,0,1,0,1,0,0,1,2,0,0,0,0,0,0,0,0
loogin-recovery-account87.esy.es,0,0,/confirmation/,1,http,0,0,0,1,1,1,0,1,1,0,1,2,0,0,0,0.13,0,0,0,0
roadfitterapparel.com,0,0,/uploads/coco/zi.htm,0,http,0,0,0,0,0,1,0,1,0,0,1,2,0,0,0,0,0,0,0,0
hydracsa.com,0,0,/po/io/index.html,0,http,0,0,0,0,0,1,0,1,0,0,1,1,0,0,0,0,0,0,0,0
loogin-facebook-safety.esy.es,0,0,/confirmation/,1,http,0,0,0,1,1,1,0,1,1,0,1,2,0,0,0,0,0,1,0,0
service-info-il.hol.es,0,0,/log1.php,1,http,0,2,0,1,1,1,0,1,1,0,1,3,0,0,0,0,0,0,0,0
service-info-il.hol.es,0,0,/facebook-confirmation,1,http,0,0,0,1,1,1,0,1,1,0,1,3,0,0,0,0,0,0,0,0
info-service-il.hol.es,0,0,/log1.php,1,http,0,2,0,1,1,1,0,1,1,0,1,3,0,0,0,0,0,0,0,0
info-service-il.hol.es,0,0,/facebook-security,1,http,0,0,0,1,1,1,0,1,1,0,1,3,0,0,0,0,0,0,0,0
kingsupteded.com,0,0,/squarespace/squar/KE11Y/,0,http,0,0,0,1,1,1,0,1,1,0,1,1,0,0,0,0,0,0,0,0
blueappleassociates.com,0,0,/Images/index_files/change/0.html,0,http,0,0,2,1,1,1,0,1,1,0,1,2,0,0,0,0,0,0,0,0
Summerseason.tavapirts.lv,0,0,/dpp/index.html,0,http,0,2,0,1,0,1,0,1,1,0,2,2,0,0,0,0,0,0,0,0
sharkprojects.fruitfuldemo.com,0,0,/css/Yahoologin.htm,0,http,0,2,2,0,0,1,0,1,0,0,1,2,0,0,0,0,0,0,0,0
www.cavazosengineering.com,0,0,/cgi-bin./microsoft/,0,http,0,2,0,0,0,1,0,1,0,0,2,2,0,0,0,0,0,0,0,0
nnconsultoria.com.br,0,0,/Atendimento.Pessoa.Fisica9/atendimento_pessoa_fisica/criptografado/index1.php,0,http,0,1,1,1,0,1,0,1,0,0,1,2,0,0,0,0,0,0,0,0
acct-cover-0899812.esy.es,0,0,/index.html,1,http,0,2,0,1,1,1,0,1,1,0,1,2,0,0,0,0.25,0,0,0,0
tumbuang-fb.esy.es,0,0,/recovery-chekpoint-login.html,1,http,0,2,2,1,1,1,0,1,1,0,1,2,0,0,0,0,0,1,0,0
bank.barclays.co.uk.olb.auth.loginlink.action.loginlink.action.loginlink.action.loginlink.action.onandoffagain.com,0,0,/cloudit/,0,http,0,1,1,0,0,1,0,1,0,0,1,8,0,0,0,0,0,1,0,0
tehofilter.fi,0,0,/www.cartaobndes.gov.br/,0,http,0,1,0,0,0,0,0,1,0,0,1,1,0,0,0,0,0,0,0,0
nnconsultoria.com.br,0,0,/Atendimento.Pessoa.Fisica01/atendimento_pessoa_fisica/criptografado/index1.php,0,http,0,1,1,1,0,1,0,1,0,0,1,2,0,0,0,0,0,0,0,0
marcof.pro.br,0,0,/acesso.criptografado4/cliente.conectado1/pessoa.fisica.recadastrar/cadastrar.referencia/acesso.pendente.comunicacao/index.html,0,http,0,1,1,1,0,1,0,1,0,0,1,2,0,0,0,0,0,0,0,0
desearch.co.uk,0,0,/plugins/captcha/recaptcha/hmrc/revenue/,0,http,0,0,2,0,0,0,0,1,0,0,1,1,0,0,0,0,0,0,0,0
xn--https-servio-85-omb.jelastic.regruhosting.ru,0,0,/www.santander.com.br/br/Cadastramento/pessoa-fisica/santander-van-gogh/index1.php,1,http,0,1,1,0,0,1,1,1,0,0,2,3,0,0,0,0.03,1,0,0,0
www.lineyuy.cn,0,0,/,0,http,0,0,0,1,0,1,0,1,0,0,1,2,0,0,0,0,0,0,0,0
webmail-app-outlook-info.weebly.com,0,0,,1,http,0,0,0,0,0,0,0,1,0,0,1,4,0,0,0,0,0,1,0,0
indexdateprofile.890m.com,0,0,/match/info,0,http,0,0,0,0,0,0,0,1,1,0,0,2,0,0,0,0.1,0,0,0,0
zdcp.org,1,0,/ali/feedback/login.alibaba.com/login.jsp.html,0,http,0,1,1,1,0,1,0,1,1,0,1,1,0,0,0,0,0,0,0,0
www.bsgodenderleeuw.be,0,0,/ikoi.php,0,http,0,2,0,1,0,1,0,1,0,0,1,2,0,0,0,0,0,0,0,0
sol-manager.fr,0,0,/raiffeisien/ebanking/login.php,1,http,0,0,0,1,1,1,0,1,1,0,1,2,0,0,0,0,0,0,0,0
www.wifibkk.com,0,0,/wp-content/themes/js/nab/,0,https,0,0,0,0,0,1,0,1,1,0,1,2,0,0,0,0,0,0,0,0
notice-payment.invoiceappconfirmation.com,0,0,/Login.php,1,http,0,2,1,0,0,1,0,1,1,0,1,3,0,0,0,0,0,0,0,0
sitesumo.com,0,0,/outlook-app/main.html,0,http,0,0,0,0,0,0,0,1,0,0,2,1,0,0,0,0,0,0,0,0
www.r129motoring.com,0,0,/SLWerks.com/wp-includes/js/tinymce/themes/modern/default/,0,http,0,2,1,0,0,1,0,1,0,0,2,2,0,0,0,0.08,0,0,0,0
novavidasamambaia.com.br,0,0,/admin/ckeditor/plugins/link/linkedin.com/,0,http,0,2,2,1,0,1,0,1,1,0,1,3,0,0,0,0,0,0,0,0
academica.pt,0,0,/U/mail.htm,0,http,0,0,1,1,1,1,0,1,0,0,2,1,0,0,0,0,0,0,0,0
academica.pt,0,0,/U/mail.htm,0,http,0,0,1,1,1,1,0,1,0,0,2,1,0,0,0,0,0,0,0,0
www.bestsearch.info,0,0,/,0,http,0,0,0,1,0,1,0,1,1,0,1,2,0,0,0,0,0,0,0,0
innovateapp.ru,0,0,/inj/1au/03.php,0,http,0,0,0,1,0,1,0,1,1,0,1,1,0,0,0,0,0,0,0,0
ovtoc.com,0,0,/wp-content/themes/Astra/images/webapps/mpp/home/,0,http,0,0,1,2,0,2,0,1,0,0,1,1,0,0,0,0,0,0,0,0
www.ellepimmobiliare.it,0,0,/www.santandernet.com.br-br/pessoa-fisica/santander-van-gogh/aplicativos/index1.php,0,http,0,1,1,0,0,1,0,1,0,1,1,2,0,0,0,0,0,0,0,0
www.ellepimmobiliare.it,0,0,/www.santandernet.com.br-br/pessoa-fisica/santander-van-gogh/aplicativos/index1.php,0,http,0,1,1,0,0,1,0,1,0,1,1,2,0,0,0,0,0,0,0,0
env-9019617.jelastic.regruhosting.ru,0,0,/libraries/legacy/access/system.php,1,http,0,1,1,0,0,1,0,1,0,0,2,3,0,0,0,0.15,0,0,0,0
ambrosiabanquethall.com,0,0,/mtdocss/index.php,0,http,0,0,0,0,0,1,0,1,1,0,1,2,0,0,0,0,0,0,0,0
depatmens-recons002.esy.es,0,0,/recovery-chekpoint-login.html,1,http,0,2,2,1,1,1,0,1,1,0,1,2,0,0,0,0.15,0,0,0,0
secure-notification-pagesfb-inc.com,0,0,/,1,https,0,0,0,1,1,1,0,1,1,0,1,4,0,0,0,0,0,1,0,0
gispi.in,0,0,/serv/update.account.online/,0,http,0,2,0,1,0,1,0,1,0,0,1,1,0,0,0,0,0,0,0,0
saedds4343354.esy.es,0,0,/,0,http,0,0,0,1,1,1,0,1,1,0,1,2,0,0,0,0.3,0,0,0,0
acct-recover7895345546.esy.es,0,0,/index.html,1,http,0,2,0,1,1,1,0,1,1,0,1,2,0,0,0,0.35,0,0,0,0
www.ssmh.cz,0,0,/puvodni/alaba/aligranny.php,0,http,0,2,0,1,0,1,0,1,0,0,2,2,0,0,0,0,0,0,0,0
freshinktattoostudio.com.au,0,0,/wp-includes/opt.php,0,http,0,2,2,1,0,1,0,1,1,0,1,3,0,0,0,0,0,0,0,0
www.syscan-id.com,0,0,//tmp/install_4e01bd078ea7d/admin/views/Unibe.php,1,http,1,2,2,0,0,1,0,1,0,0,1,2,0,0,0,0,0,0,0,0
caixa.fgtsliberado2017.com,0,0,/consulta6347674/index.php,0,http,0,2,1,0,0,1,0,1,1,0,1,3,0,0,0,0.09,0,1,0,0
acct-recover7895345.esy.es,0,0,/index.html,1,http,0,2,0,1,1,1,0,1,1,0,1,2,0,0,0,0.25,0,0,0,0
checkpoint-erorr-fb005.esy.es,0,0,/recovery-chekpoint-login.html,1,http,0,2,2,1,1,1,0,1,1,0,1,2,0,0,0,0.17,0,1,0,0
checkpoint-info-fb9t.esy.es,0,0,/recovery-chekpoint-login.html,1,http,0,2,2,1,1,1,0,1,1,0,1,2,0,0,0,0.08,0,1,0,0
support1213112.hol.es,0,0,/log.php,0,http,0,2,0,1,1,1,0,1,1,0,1,3,0,0,0,0.25,0,0,0,0
support1213112.hol.es,0,0,/facebook-security,0,http,0,0,0,1,1,1,0,1,1,0,1,3,0,0,0,0.25,0,0,0,0
recovery-account-fb-chekpoin-8108.esy.es,0,0,/recovery/index.html,1,http,0,2,2,1,1,1,0,1,1,0,1,3,0,0,0,0.16,0,1,0,0
www.digitalworld.tv,0,0,/store/sessions/asd654ds8ds45/0242ce5905/login.php,0,http,0,2,1,2,0,2,0,1,0,0,1,2,0,0,0,0,0,0,0,0
info-support-il.hol.es,0,0,/log1.php,1,http,0,2,0,1,1,1,0,1,1,0,1,3,0,0,0,0,0,0,0,0
info-support-il.hol.es,0,0,/facebook,1,http,0,0,0,1,1,1,0,1,1,0,1,3,0,0,0,0,0,0,0,0
wish4job.com,0,0,/page/musapdf.html,0,http,0,0,0,2,0,2,0,1,0,0,1,1,0,0,0,0,0,0,0,0
c0.16mb.com,0,0,/k/,0,http,0,0,0,0,0,0,0,1,1,0,1,2,0,0,0,0.11,0,0,0,0
orgcontalex.com.br,0,0,/acesso.criptografado2/cliente.conectado1/pessoa.fisica.recadastrar/cadastrar.referencia/acesso.pendente.comunicacao/index.html,0,http,0,1,1,1,0,1,0,1,1,1,1,2,0,0,0,0,0,0,0,0
last-warning-fb1.esy.es,0,0,/recovery-chekpoint-login.html,1,http,0,2,2,1,1,1,0,1,1,0,1,2,0,0,0,0.06,0,1,0,0
www.digital-sms-online.com.br,0,0,/rb001/apk/dll/,1,https,0,2,0,1,0,1,0,1,1,0,1,3,0,0,0,0,0,0,0,0
emaillsantander.com,0,0,/mobile/app/manage.php,0,http,0,0,0,0,0,1,0,1,1,0,1,1,0,0,0,0,0,1,0,0
recover-fb01.esy.es,0,0,/recovery-chekpoint-login.html,1,http,0,2,2,1,1,1,0,1,1,0,1,2,0,0,0,0.08,0,1,0,0
olenelife.com,0,0,/sessions/paypal/,0,http,0,0,1,0,0,0,0,1,0,0,2,1,0,0,0,0,0,0,0,0
cover-acct56467.esy.es,0,0,/index.html,1,http,0,2,0,1,1,1,0,1,1,0,1,2,0,0,0,0.2,0,0,0,0
safecheck-acct5151.esy.es,0,0,/help/recovery-chekpoint-login.html,1,http,0,2,2,1,1,1,0,1,1,0,1,2,0,0,0,0.2,0,0,0,0
suspicous-payments-helping.com,0,0,/webapps/a6d92/websrc,1,https,0,0,2,1,1,1,0,1,1,0,1,3,0,0,0,0,0,0,0,0
petektemizleme.biz.tr,0,0,/index.php,0,http,0,2,0,1,1,1,0,1,0,0,1,2,0,0,0,0,0,0,0,0
pages-5566.hol.es,0,0,/log1.php,1,http,0,2,0,1,1,1,0,1,1,0,1,3,0,0,0,0.17,0,0,0,0
pages-5566.hol.es,0,0,/facebook-security,1,http,0,0,0,1,1,1,0,1,1,0,1,3,0,0,0,0.17,0,0,0,0
secure-notification-fbpages-inc.com,0,0,/,1,https,0,0,0,1,1,1,0,1,1,0,1,4,0,0,0,0,0,1,0,0
goterbox33.esy.es,0,0,/recovery-chekpoint-login.html,0,http,0,2,2,1,1,1,0,1,1,0,1,2,0,0,0,0.1,0,0,0,0
httpssecure.belhalfs.beget.tech,0,0,/auth/auth/issues/,0,http,0,2,2,0,0,0,1,1,1,0,0,3,0,0,0,0,0,0,0,0
www.floraprive.com,0,0,/zhi/Unibe.html,0,http,0,2,0,2,0,2,0,1,0,0,1,2,0,0,0,0,0,0,0,0
blancogris.com,0,0,/Unibe.php,0,http,0,0,0,2,0,1,0,1,0,0,2,1,0,0,0,0,0,0,0,0
lacasadelcarpintec.com,0,0,/smp/yahoop.html,0,http,0,0,0,0,0,1,0,1,0,0,1,2,0,0,0,0,0,0,0,0
www.cr-mufg-jp.win,0,0,/service/visitors/asps/sinkitou,1,http,0,0,2,1,0,1,0,1,1,0,1,3,0,0,0,0,0,0,0,1
www.reo15.moe.go.th,0,0,/reo15/components/Signin.php,0,http,0,1,2,1,0,1,0,1,0,0,0,4,0,0,0,0.05,0,0,0,0
onlinedecu.cba.pl,0,0,/yahoo.php,0,http,0,2,0,0,0,1,0,1,0,0,0,2,0,0,0,0,0,0,0,0
bakekapw2.com,0,0,/FOC.php,0,http,0,0,0,1,1,1,0,1,1,0,1,1,0,0,0,0.11,0,0,0,0
www.missalli.nl,0,0,/images/banners/english-0/en/en/doss/,0,https,0,0,2,1,0,1,0,1,0,0,1,2,0,0,0,0,0,0,0,0
fgts-caixa.cf,0,0,/principal.php,1,http,0,0,0,1,0,1,0,1,1,0,1,2,0,0,0,0,0,1,0,1
excelsolarenergy.com,0,0,/cgi/sign2/,0,https,0,0,0,0,0,1,0,1,0,0,1,2,0,0,0,0,0,0,0,0
rattikagmr.in,0,0,/cjf/neeew/new%20outlook/,0,https,0,0,0,1,0,1,0,1,0,0,1,1,0,0,0,0,0,0,0,0
fractus.com,0,0,/atendimento.santander.pessoa.fisica11/atendimento_pessoa_fisica/atualizar/index1.php,0,http,0,1,1,0,0,0,0,1,0,0,2,1,0,0,0,0,0,0,0,0
getthelps-recoveri-disables.esy.es,0,0,/confirmations/index.html,1,http,0,2,2,1,1,1,0,1,1,0,1,3,0,0,0,0,0,0,0,0
newsvanguard.in,0,0,/secure/BOA/home/confirm.php,0,https,0,0,0,1,0,1,0,1,0,0,2,2,0,0,0,0,0,0,0,0
festainfantilbh.com.br,0,0,/central/images/casa_small.jpg,0,http,0,2,2,1,0,1,0,1,0,0,1,3,0,0,0,0,0,0,0,0
hormontant.se,0,0,/wp-includes/css/picuter/www.pnc/page/verification/online/1/index.html,0,http,0,2,1,0,0,1,0,1,0,0,1,1,0,0,0,0,0,0,0,0
Usaa.doc.bizburrows.com,0,0,,0,http,0,2,0,0,0,1,0,1,1,0,1,3,0,0,0,0,0,1,0,0
webdropbox.net,0,0,/GOG/yGnHFKdhsd.php,0,http,0,0,0,2,0,2,0,1,1,0,1,2,0,0,0,0,0,0,0,0
pages-5564.hol.es,0,0,/facebook-security,1,http,0,0,0,1,1,1,0,1,1,0,1,3,0,0,0,0.17,0,0,0,0
pages-5508.hol.es,0,0,/log1.php,1,http,0,2,0,1,1,1,0,1,1,0,1,3,0,0,0,0.17,0,0,0,0
pages-5508.hol.es,0,0,/facebook-confirmation,1,http,0,0,0,1,1,1,0,1,1,0,1,3,0,0,0,0.17,0,0,0,0
ip55.ip-144-217-29.net,0,0,/www.itau.com.br/CartaoMilhas/atendimento/chama.php,1,http,0,1,1,2,0,2,0,1,0,0,1,3,0,0,0,0.12,0,0,0,0
safety-check-893465.esy.es,0,0,/index.html,1,http,0,2,0,1,1,1,0,1,1,0,1,2,0,0,0,0.25,0,0,0,0
safety-check-938407.esy.es,0,0,/index.html,1,http,0,2,0,1,1,1,0,1,1,0,1,2,0,0,0,0.25,0,0,0,0
acct-recover67868.esy.es,0,0,/index.html,1,http,0,2,0,1,1,1,0,1,1,0,1,2,0,0,0,0.25,0,0,0,0
kalera-fb-scrty1.esy.es,0,0,/recovery-chekpoint-login.html,1,http,0,2,2,1,1,1,0,1,1,0,1,2,0,0,0,0.08,0,1,0,0
fppkdo.pspu.ru,0,0,/error/058f0b949d02568411f89bf8/ppgoindexpage.php,0,http,0,1,1,0,0,1,0,1,0,0,2,2,0,0,0,0,0,0,0,0
www.hotelcaucasia.com,0,0,/login.php,0,http,0,2,1,0,0,1,0,1,0,0,1,2,0,0,0,0,0,0,0,0
zovermedical.com.sa,0,0,/blessed/aptgd/,0,http,0,0,0,1,0,1,0,1,0,0,1,2,0,0,0,0,0,0,0,0
kancelaria24online.pl,0,0,/logs/,0,http,0,0,0,0,0,1,0,1,0,0,1,1,0,0,0,0,0,0,0,0
contact-support-fb.hol.es,0,0,/verify/index.php,1,http,0,2,0,1,1,1,0,1,1,0,1,3,0,0,0,0,0,1,0,0
secretsofthemind.net,0,0,/wp-includes/js/tinymce/plugins/paste/js/acc/d65fd/security/signin/,0,https,0,0,1,1,1,1,0,1,1,0,1,2,0,0,0,0,0,0,0,0
fb-securityloginfo707txtinc.esy.es,0,0,/recovery-chekpoint-login.html,1,http,0,2,2,1,1,1,0,1,1,0,1,2,0,0,0,0.12,0,1,0,0
polymer-pipe.com,0,0,/a,1,http,0,0,0,0,0,1,0,1,0,0,2,2,0,0,0,0,0,0,0,0
johnricerealtydadeville.com,0,0,/image/adobepdf/91d471cc9840f4d3471602ee7aec0623/,0,http,0,0,1,0,0,1,0,1,1,0,1,3,0,0,0,0,0,0,0,0
fb-safety-system2017.esy.es,0,0,/recovery-chekpoint-login.html,1,http,0,2,2,1,1,1,0,1,1,0,1,2,0,0,0,0.12,0,1,0,0
depatmens-recon2017.esy.es,0,0,/recovery-chekpoint-login.html,1,http,0,2,2,1,1,1,0,1,1,0,1,2,0,0,0,0.12,0,0,0,0
extratocontasinativas.com,0,0,/web/,0,http,0,0,0,0,0,1,0,1,1,0,1,3,0,0,0,0,0,0,0,0
marcof.pro.br,0,0,/acesso.criptografado/cliente.conectado/pessoa.fisica.recadastrar/cadastrar.referencia/acesso.pendente.comunicacao/index.html,0,http,0,1,1,1,0,1,0,1,0,0,1,2,0,0,0,0,0,0,0,0
sistemaconsultainativos.com,0,0,/web/inter/,0,http,0,0,0,0,0,1,0,1,1,0,1,3,0,0,0,0,0,0,0,0
fractus.com,0,0,/pessoa_fisica_maio05/atendimento_pessoa_fisica/atualizar/index1.php,0,http,0,0,1,0,0,0,0,1,0,0,2,1,0,0,0,0,0,0,0,0
bigrichpoems.com,0,0,/dr/filewords/,0,http,0,0,0,0,0,1,0,1,0,0,1,1,0,0,0,0,0,0,0,0
bigrichpoems.com,0,0,/doz/filewords/,0,http,0,0,0,0,0,1,0,1,0,0,1,1,0,0,0,0,0,0,0,0
importradee.com,0,0,/ju/abvto/,0,http,0,0,0,0,0,1,0,1,0,0,1,1,0,0,0,0,0,0,0,0
asdgxfhxhxchxcxcvhhvhhf.blogspot.com,0,0,/,0,http,0,0,0,1,1,1,0,1,0,1,1,2,0,0,0,0,0,0,0,0
fdhdfhdfhhfdfdhhdfhhfddfdf.blogspot.com,0,0,/,0,http,0,0,0,1,1,1,0,1,0,1,1,2,0,0,0,0,0,0,0,0
adadaadjaldkadlhadlsajlshsaah.blogspot.com,0,0,/,0,http,0,0,0,1,1,1,0,1,0,1,1,2,0,0,0,0,0,0,0,0
system-internos24hs.com,0,0,/internas/,1,http,0,0,0,1,1,1,0,1,1,0,1,3,0,0,0,0.06,0,0,0,0
re-sourceerror.esy.es,0,0,/recovery-chekpoint-login.html,1,http,0,2,2,1,1,1,0,1,1,0,1,2,0,0,0,0,0,0,0,0
miprofe.cl,0,0,/wp-admin/network/rdr/5/,0,http,0,0,0,0,0,1,0,1,0,0,1,1,0,0,0,0,0,0,0,0
vbly.us,0,0,/2qtk,0,http,0,0,0,0,0,1,0,1,0,0,2,1,0,0,0,0,0,0,0,1
sicoob-conta.com,0,0,/clientes/,1,http,0,0,0,0,0,1,0,1,1,0,1,2,0,0,0,0,0,1,0,0
seapost.com.ua,0,0,/img/Customerservicetill.htm,0,http,0,2,0,1,0,1,0,1,0,1,1,2,0,0,0,0,0,0,0,0
hjdjdk44d.net,0,0,/mainbuding/aol/,0,http,0,0,0,1,1,1,0,1,1,0,1,1,0,0,0,0.25,0,0,0,0
anywayrocks.org,0,0,/cas.html,0,http,0,0,0,1,0,1,0,1,1,0,1,1,0,0,0,0,0,0,0,0
whautopilots.com,0,0,/wp-content/uploads/CBT/chase/chase/card.php,0,http,0,0,2,0,0,1,0,1,0,0,2,1,0,0,0,0,0,0,0,0
er1cd13r.com,0,0,/css/update.html,0,http,0,0,0,1,1,1,0,1,1,0,1,1,0,0,0,0.25,0,0,0,0
www.edleigh.co.za,0,0,/wp-admin/css/colors/coffee/cas.html,0,http,0,1,2,1,0,1,0,1,0,0,1,2,0,0,0,0,0,0,0,0
www.zemo.org.ua,0,0,/wp-includes/js/images/start.php,0,http,0,1,2,1,0,1,0,1,0,0,1,2,0,0,0,0,0,0,0,0
shib.ncsu.edu.nllt.cf,0,0,/idp/profile/SAML2/POST/SSO%3bjsessionid=node016xk3r5433jv81iwht2ysid47t867465.node0%3fexecution=e1s1/,0,http,0,1,1,1,0,1,0,1,0,0,1,4,0,0,0,0,0,0,0,1
logs.en-action.com,0,0,/accounts-login-confirmphp/,1,http,0,0,0,1,1,1,0,1,1,0,1,2,0,0,0,0,0,0,0,0
aboutus.in,0,0,/admin/outlook/validate/WebAdmin/Outlook%20Web%20App.htm,0,http,0,0,2,1,0,1,0,1,0,0,1,1,0,0,0,0,0,0,0,0
m-amir.com,0,0,/egyteb/biz/,1,http,0,0,0,0,0,1,0,1,0,0,1,1,0,0,0,0,0,0,0,0
sjlearning.com.my,0,0,/assets/kcfinder/upload/no_user/files/xnowxoffnowxnowoffhd/Log/home/websc-login.php,0,http,0,2,1,1,1,1,0,1,0,0,2,2,0,0,0,0,0,0,0,0
wbmexed.com.ng,0,0,/Exchange/,0,http,0,0,0,1,1,1,0,1,1,0,1,2,0,0,0,0,0,0,0,0
phukien365.vn,0,0,/Postepay/,0,http,0,0,0,1,1,1,0,1,0,0,2,1,0,0,0,0.11,0,0,0,0
cart-si-titolari-20-17-efdgdf.dynamic-dns.net,0,0,/red1/,1,http,0,0,2,0,0,0,0,1,0,0,2,5,0,0,0,0.06,0,0,0,0
support109381.hol.es,0,0,/facebook-security,0,http,0,0,0,1,1,1,0,1,1,0,1,3,0,0,0,0.2,0,0,0,0
recovers-check-accounts.hol.es,0,0,/recovery/recovery-chekpoint-login.html,1,http,0,2,1,1,1,1,0,1,1,0,1,3,0,0,0,0,0,0,0,0
recover-fb-warning01.esy.es,0,0,/recovery-chekpoint-login.html,1,http,0,2,2,1,1,1,0,1,1,0,1,2,0,0,0,0.08,0,1,0,0
fb-recover-10.esy.es,0,0,/recovery-chekpoint-login.html,1,http,0,2,2,1,1,1,0,1,1,0,1,2,0,0,0,0.08,0,1,0,0
owahelpsno.16mb.com,0,0,/,0,http,0,0,0,0,0,0,0,1,1,0,1,2,0,0,0,0.11,0,0,0,0
webmailhelpdeskstaff.000webhostapp.com,0,0,/,0,http,0,0,0,0,0,0,0,1,0,0,0,3,0,0,0,0,0,0,0,0
purrfectphonesexjobs.com,0,0,/!!..HXLaZaGsnp..!!//index.php,0,http,1,1,2,0,0,1,0,1,0,0,1,1,0,0,0,0,0,0,0,0
eagleinfotech.edu.sg,0,0,/plugin/font-awesome/fonts/fontawesome-webfont.php,0,http,0,2,1,0,0,0,0,1,0,0,2,2,0,0,0,0,0,0,0,0
www.clickimagem.pt,0,0,/modules/mod_banners/docume.php,0,http,0,2,2,1,1,1,0,1,0,0,1,2,0,0,0,0,0,0,0,0
www.riclogauto.96.lt,0,0,/login.php,0,http,0,1,0,1,0,1,0,1,1,0,0,3,0,0,0,0.05,0,0,0,1
www.desertsportswear.com,0,0,/bankofamerica.com/,0,http,0,2,0,0,0,1,0,1,0,0,1,2,0,0,0,0,0,0,0,0
dooglinn.beget.tech,0,0,/pp1/web17asp/,0,http,0,0,0,0,0,0,0,1,0,0,0,2,0,0,0,0,0,0,0,0
lpmnuansa.undip.ac.id,0,0,/pro/1/index.htm,0,http,0,1,0,2,0,2,0,1,0,0,0,4,0,0,0,0,0,0,0,0
lpmnuansa.undip.ac.id,0,0,/pro/2/index.htm,0,http,0,1,0,2,0,2,0,1,0,0,0,4,0,0,0,0,0,0,0,0
m.facebook.com------------------login-secured.liraon.com,0,0,/sign_in.htm,1,http,0,1,2,0,0,1,0,1,0,0,1,3,0,0,0,0,0,1,0,0
j-wearfetish.com,0,0,/atendimento/caixa.gov.br/pages/inter/index.php,1,http,0,1,2,2,0,2,0,1,0,0,2,1,0,0,0,0,0,0,0,0
fgtscontasinativas.16mb.com,0,0,/index.php,0,http,0,2,0,0,0,0,0,1,1,0,1,2,0,0,0,0.07,0,1,0,0
portalfgts.com,0,0,/caixa.gov.br/pages/inter/index.php,0,http,0,1,2,1,1,1,0,1,1,0,1,1,0,0,0,0,0,1,0,0
103.236.137.117,0,1,/caixa.gov.br/pages/inter/,0,http,0,1,0,1,0,1,0,1,0,0,1,3,0,0,0,1,0,0,0,0
normansfinejewelry.com,0,0,/ASDE/QWAUTHW/asb.co.nz/index.htm,0,http,0,1,2,2,0,2,0,1,0,0,1,2,0,0,0,0,0,0,0,0
inhomecareidaho.com,0,0,/wp-includes/news/dropbaka/07b4089c45eabdd3349d4d8ba473301a/pindex.php,0,http,0,0,1,0,0,1,0,1,0,0,1,2,0,0,0,0,0,0,0,0
mainepta.org,0,0,/eme/gm/excel/excel/,0,http,0,0,0,0,0,0,0,1,0,0,1,1,0,0,0,0,0,0,0,0
caixa.suportedeconsultafgtsliberado.com,0,0,/consulta9104336/index.php,0,http,0,2,1,0,0,1,0,1,1,0,1,3,0,0,0,0,0,1,0,0
www.saiastrology.com,0,0,/sender/Leaves/filewords/index.php,0,http,0,2,2,0,0,1,0,1,0,0,1,2,0,0,0,0,0,0,0,0
notify-action-acct.esy.es,0,0,/recovery-chekpoint-login.html,1,http,0,2,2,1,1,1,0,1,1,0,1,2,0,0,0,0,0,0,0,0
fangtasiaphonesex.com,0,0,/Godsgrace/Dropfile/,0,http,0,0,0,0,0,1,0,1,0,1,1,1,0,0,0,0,0,0,0,0
latitudeinfra.com,0,0,/admin/uploade/01myfs/dada9b67bf59f6aadf1357adbdfc409a/,0,http,0,0,1,0,0,1,0,1,0,0,2,1,0,0,0,0,0,0,0,0
boxmail-fullupgrade.com,0,0,/secured/,1,https,0,0,0,2,0,2,0,1,1,0,1,2,0,0,0,0,0,0,0,0
www.michaelsmolski.com,0,0,/0w1/Owa/,0,http,0,0,0,0,0,1,0,1,0,0,1,2,0,0,0,0,0,0,0,0
miprofe.cl,0,0,/wp-admin/network/rdr/4/,0,http,0,0,0,0,0,1,0,1,0,0,1,1,0,0,0,0,0,0,0,0
kesenianjawa.undip.ac.id,0,0,/wp-content/plugins/ADOBE_YEAR_2017/index.htm,0,http,0,1,1,2,0,2,0,1,0,0,0,4,0,0,0,0,0,0,0,0
u.nu,0,0,/zfy,0,https,0,0,0,0,0,0,0,1,0,0,2,1,0,0,0,0,0,0,0,0
tinyurl.com,0,0,/lhzy2me,0,http,0,0,0,0,0,0,0,1,0,1,0,1,0,0,0,0,0,0,0,0
cover-acct789345.esy.es,0,0,/index.html,1,http,0,2,0,1,1,1,0,1,1,0,1,2,0,0,0,0.2,0,0,0,0
depatmens-recons001.esy.es,0,0,/recovery-chekpoint-login.html,1,http,0,2,2,1,1,1,0,1,1,0,1,2,0,0,0,0.15,0,0,0,0
carolyneslick.com,0,0,/sos/Chase_Online.html,0,http,0,0,0,1,1,1,0,1,1,0,1,2,0,0,0,0,0,0,0,0
protecfb-error.esy.es,0,0,/recovery-chekpoint-login.html,1,http,0,2,2,1,1,1,0,1,1,0,1,2,0,0,0,0,0,1,0,0
cover-acct76483.esy.es,0,0,/index.html,1,http,0,2,0,1,1,1,0,1,1,0,1,2,0,0,0,0.2,0,0,0,0
attxn.net,0,0,/m/cprodx.att.net/commonLogin/igate_edam/controller.html,0,http,0,1,2,0,0,1,0,1,1,0,1,1,0,0,0,0,0,0,0,0
bit.ly,0,0,/2pKUTZ0,0,http,0,0,0,1,0,1,0,1,0,1,0,1,0,0,0,0,0,0,0,0
assasasauysuysauysaysayasa.blogspot.com,0,0,/,0,http,0,0,0,1,1,1,0,1,0,1,1,2,0,0,0,0,0,0,0,0
miprofe.cl,0,0,/wp-admin/network/rdr/16/,0,http,0,0,0,0,0,1,0,1,0,0,1,1,0,0,0,0,0,0,0,0
click.waw.pl,0,0,/mas678ben,0,http,0,0,0,0,0,1,0,1,0,0,1,1,0,0,0,0,0,0,0,0
sac-uol-conteudo.byethost15.com,0,0,/www.sac.uol.com.br/pagamento2/,1,http,0,1,2,0,0,1,0,1,0,0,2,3,0,0,0,0,0,1,0,0
sac-uol-conteudo.byethost15.com,0,0,/www.sac.uol.com.br/pagamento2/index4.html,1,http,0,1,1,0,0,1,0,1,0,0,2,3,0,0,0,0,0,1,0,0
shastivelcotton.com,0,0,/images/trash/Indexxatt/Indexxatt.htm,0,https,0,0,2,0,0,1,0,1,0,0,1,2,0,0,0,0,0,0,0,0
ring-my-bell.com,0,0,/secure/nn/nn/,1,http,0,0,0,0,0,0,0,1,0,0,1,3,0,0,0,0,0,0,0,0
cname.hub-web.com,0,0,/proccesing-fbaccountss/login.php,1,http,0,2,2,1,1,1,0,1,1,0,1,2,0,0,0,0,0,0,0,0
h2hventures.co,0,0,/styles/,0,http,0,0,0,0,0,1,0,1,0,0,1,1,0,0,0,0,0,0,0,0
acessoseguroatodos.com,0,0,/melhorandoonline/Urgente/SantanderSelect/index1.php,0,http,0,0,1,0,0,1,0,1,1,0,1,2,0,0,0,0,0,0,0,0
caixa.suportedeconsultafgtsliberado.com,0,0,/,0,http,0,0,0,0,0,1,0,1,1,0,1,3,0,0,0,0,0,1,0,0
ournepal.com,0,0,/images/band_of_kathmandu/scarred/fomula1/ssControlPanel.htm,0,http,0,0,1,0,0,1,0,1,0,0,1,1,0,0,0,0,0,0,0,0
harigoindia.com,0,0,/old-site/xx/ya/Yahoo.htm,0,http,0,0,0,0,0,1,0,1,0,0,1,2,0,0,0,0,0,0,0,0
segurana.my-free.website,0,0,/,1,http,0,0,0,1,1,1,1,1,1,0,2,3,0,0,0,0,0,0,0,0
secure.saginawheadstart.org,0,0,/myaccount/,0,https,0,0,0,0,0,1,0,1,1,0,1,3,0,0,0,0,0,0,0,0
04daa73b.ngrok.io,0,0,/secured42/23e08230a93871fa650553ccdf54ecf7/signin/,0,http,0,1,1,1,0,1,0,1,0,0,1,2,0,0,0,0.3,0,0,0,0
kiwi-pools.com,0,0,/dir8/confirm_identity.php,1,http,0,0,1,0,0,1,0,1,1,0,1,2,0,0,0,0,0,0,0,0
pages-5507.hol.es,0,0,/facebook-security,1,http,0,0,0,1,1,1,0,1,1,0,1,3,0,0,0,0.17,0,0,0,0
www.mir-holoda.by,0,0,/price.files/match.html,1,http,0,1,0,1,0,1,0,1,0,0,2,3,0,0,0,0,0,0,0,0
support-fb-page.hol.es,0,0,/logins.php,1,http,0,2,0,1,1,1,0,1,1,0,1,3,0,0,0,0,0,1,0,0
paranavida.com.br,0,0,/fontz/logss/filewords/,0,http,0,0,0,1,0,1,0,1,0,0,1,2,0,0,0,0,0,0,0,0
phpmatrimonialscript.in,0,0,/wp-includes/SimplePie/css/BOA/qes.php,0,http,0,0,2,1,0,1,0,1,0,0,2,2,0,0,0,0,0,0,0,0
rccgpavilion.org,0,0,/components/com_acymailing/controllers/js/fr/frebox158418/e1acec14bad70e2d1a80566e6c3108c4/,0,http,0,0,1,0,0,0,0,1,0,0,2,2,0,0,0,0,0,0,0,0
doutorconsorcio.com.br,0,0,/folder3/Arch/Arch/Archive/,0,http,0,0,2,1,0,1,0,1,0,0,1,3,0,0,0,0,0,0,0,0
vuongquocsen.com,0,0,/index.html.php,0,http,0,2,1,0,0,1,0,1,1,0,1,1,0,0,0,0,0,0,0,0
www.sping-doo.si,0,0,/Site_Seguro/www/Santander.com/br/Cliente=ID=/,1,http,0,2,2,1,0,1,0,1,0,0,2,3,0,0,0,0,0,0,0,1
safety-check-278836.esy.es,0,0,/index.html,1,http,0,2,0,1,1,1,0,1,1,0,1,2,0,0,0,0.25,0,0,0,0
qzsclothing.com,0,0,/mailbox/Yah/T/Y1.html,0,http,0,0,0,1,1,1,0,1,1,0,1,1,0,0,0,0,0,0,0,0
recover-acct88000.esy.es,0,0,/index.html,1,http,0,2,0,1,1,1,0,1,1,0,1,2,0,0,0,0.25,0,0,0,0
last-warning-fb113.esy.es,0,0,/recovery-chekpoint-login.html,1,http,0,2,2,1,1,1,0,1,1,0,1,2,0,0,0,0.15,0,1,0,0
lexavierpartners.com,0,0,/lex/info/,0,http,0,0,0,0,0,1,0,1,0,0,1,2,0,0,0,0,0,0,0,0
mobile-free.kofoed-fr.com,0,0,/Compte/93843687342927348376/8325682376834768237648/92029/d6b56/moncompte/,1,http,0,0,1,1,1,1,0,1,1,0,1,3,0,0,0,0,0,0,0,0
primelog.amzweb.com.br,1,0,/image/flags/sss/alibaba/index.php,0,http,0,1,1,1,0,1,0,1,1,0,1,3,0,0,0,0,0,0,0,0
phpmatrimonialscript.in,0,0,/wp-includes/SimplePie/css/BOA/card.php,0,http,0,0,2,1,0,1,0,1,0,0,2,2,0,0,0,0,0,0,0,0
atualizar-cadastro.com,0,0,/-bb/,1,https,0,0,0,0,0,1,0,1,0,0,1,2,0,0,0,0,0,0,0,0
mobile-free.kofoed-fr.com,0,0,/Compte/93843687342927348376/8325682376834768237648/95993/65569/moncompte/,1,http,0,0,1,1,1,1,0,1,1,0,1,3,0,0,0,0,0,0,0,0
dentalimplantformula.com,0,0,/nichepatients.com/,0,http,0,0,0,2,0,1,0,1,0,0,1,2,0,0,0,0,0,0,0,0
mobile-free.kofoed-fr.com,0,0,/Compte/93843687342927348376/8325682376834768237648/92029/da9cc/moncompte/,1,http,0,0,1,1,1,1,0,1,1,0,1,3,0,0,0,0,0,0,0,0
fgtsconsultainativos.com,0,0,/inter/web/,0,http,0,0,0,0,1,1,0,1,1,0,1,3,0,0,0,0,0,1,0,0
saldofgtsgov.com,0,0,/caixa.gov.br/pages/inter/index.php,0,http,0,1,2,0,0,1,0,1,1,0,1,2,0,0,0,0,0,1,0,0
promocaorecar.ga,0,0,/zn/info.php,0,http,0,0,0,1,0,1,0,1,1,0,1,2,0,0,0,0,0,0,0,1
mobilier-lemnmasiv.ro,0,0,/wp-content/plugins/giga-slider/lang/alibaba.com/Login.htm,1,http,0,2,1,1,0,1,0,1,0,0,1,2,0,0,0,0,0,0,0,0
igforweddingpros.com,0,0,/hhhhhhh/driveup/63f2b3c183ef56ec7a14e79141d6df0c/login.php,0,http,0,0,1,1,1,1,0,1,1,0,1,1,0,0,0,0,0,0,0,0
www.fahwonmai.tv,0,0,/sites/all/databases/index.php,0,http,0,2,0,2,0,0,0,1,0,0,2,2,0,0,0,0,0,0,0,0
owaispsecuredesk2017.myfreesites.net,0,0,/,0,http,0,0,0,0,0,0,0,1,0,0,2,3,0,0,0,0.12,0,0,0,0
forfindquality.com,0,0,/Core/Foundation/Exception/li.php,0,http,0,0,2,0,0,1,0,1,0,0,1,1,0,0,0,0,0,0,0,0
loadingspeacceasy.atwebpages.com,0,0,/update-payment.php,0,http,0,2,2,2,0,2,0,1,0,0,1,3,0,0,0,0,0,0,0,0
virgilecatherine.fr,0,0,/oral/css/login.php,0,http,0,0,0,1,0,1,0,1,0,0,1,1,0,0,0,0,0,0,0,0
www.supporto-informatici.info,0,0,/cartasi_1.php,1,http,0,2,0,1,0,1,0,1,1,0,1,3,0,0,0,0,0,0,0,0
www.antiquehostel.ro,0,0,/logs/sxxs/0e92aeba37fa2bcc59a7999f36df2f6d/verification/verification.php,0,http,0,2,1,1,0,1,0,1,0,0,1,2,0,0,0,0,0,0,0,0
www.desertsportswear.com,0,0,/bankofamerica.com/f2ad24ed2c72565d5df52a7bfa652351/,0,http,0,2,1,0,0,1,0,1,0,0,1,2,0,0,0,0,0,0,0,0
www.pursorder.esy.es,0,0,/purchase/req.php,0,http,0,1,0,1,1,1,0,1,1,0,1,3,0,0,0,0,0,0,0,0
supporto-informatici.info,0,0,/cartasi_2.php,1,http,0,0,0,1,0,1,0,1,1,0,1,2,0,0,0,0,0,0,0,0
www.mir-holoda.by,0,0,/price.files/adobeCom/inc/index.php,1,http,0,1,2,1,0,1,0,1,0,0,2,3,0,0,0,0,0,0,0,0
newsvanguard.in,0,0,/secure/BOA/home/info.php,0,http,0,0,1,1,0,1,0,1,0,0,2,2,0,0,0,0,0,0,0,0
newsvanguard.in,0,0,/secure/BOA/home/confirm.php,0,http,0,0,1,1,0,1,0,1,0,0,2,2,0,0,0,0,0,0,0,0
newsvanguard.in,0,0,/secure/BOA/home/info.php,0,http,0,0,1,1,0,1,0,1,0,0,2,2,0,0,0,0,0,0,0,0
newsvanguard.in,0,0,/secure/BOA/home/confirm.php,0,https,0,0,1,1,0,1,0,1,0,0,2,2,0,0,0,0,0,0,0,0
saferpdf.000webhostapp.com,0,0,/adobe.html,0,http,0,2,0,0,0,0,0,1,0,0,0,3,0,0,0,0,0,0,0,0
guard.trustlawsuits.com,0,0,/fresh.php,0,http,0,2,0,0,0,1,0,1,1,0,1,3,0,0,0,0,0,0,0,0
supremehosting.co.nz,0,0,/client/ioncube/Update/paypal/login.php,0,https,0,2,1,1,0,1,0,1,0,0,1,2,0,0,0,0,0,0,0,0
backup.din-14675.de,0,0,/tmp/s.png/,1,http,0,2,2,1,0,1,0,1,0,0,2,3,0,0,0,0.08,0,0,0,0
sandiegovendingmachine.com,0,0,/wp-admin/cs/domain/Login.php,0,http,0,0,2,2,0,2,0,1,0,0,1,3,0,0,0,0,0,0,0,0
emailbradesco.esy.es,0,0,/mail/mobile/app/thmpv.php,0,http,0,2,2,1,1,1,0,1,1,0,1,2,0,0,0,0,0,1,0,0
www.fontedevidaeterna.org.br,0,0,/confirminfochaseonline.com/chase/5915a83c5ca352d1a60f39bf8aacaff2/email.php,0,http,0,1,1,1,0,1,0,1,0,0,2,3,0,0,0,0,0,0,0,0
sivasosb.org.tr,1,0,/joomla1.txt,0,http,0,1,2,1,1,1,0,1,0,0,2,2,0,0,0,0,0,0,0,0
cabinetelendil.be,0,0,/hil/office/,0,http,0,0,0,1,0,1,0,1,0,0,1,1,0,0,0,0,0,0,0,0
universityrankings.com.au,0,0,/css/OWA(1).HTML,0,https,0,2,0,1,0,1,0,1,0,0,2,3,0,0,0,0,0,0,0,0
snfp.ro,0,0,/wp-content/plugins/moc.htm,0,http,0,0,0,1,0,1,0,1,0,0,2,1,0,0,0,0,0,0,0,0
bit.ly,0,0,/2p6nYKl,0,http,0,0,0,1,0,1,0,1,0,1,0,1,0,0,0,0,0,0,0,0
srixlex.com,0,0,/server/squar/KE11Y,0,https,0,0,0,1,1,1,0,1,1,1,1,1,0,0,0,0,0,0,0,0
constructions.pancakeapps.com,0,0,,0,http,0,0,0,0,0,1,0,1,0,0,2,2,0,0,0,0,0,0,0,0
poggisub.it,0,0,/modules/Dropbox/Dropbox/Dropbox/1f539c7b586499970ef4ac3c9f72f596/,0,http,0,0,1,0,0,1,0,1,0,0,1,1,0,0,0,0,0,0,0,0
bisnis101.com,0,0,/share/view/adobe/user/login/index.htm,0,http,0,0,2,2,0,2,0,1,1,0,1,1,0,0,0,0.13,0,0,0,0
elicos.com,0,0,/cha/Chase0ChaseChasechase-Online/wwwhttpsChase-Chase0ChaseOnline/wwwChaseOnlinebankingcom-account0notifications0CentreUSA/index.php,0,https,0,0,1,2,0,2,1,1,0,0,2,1,0,0,0,0,0,0,0,0
banorte-rs.com,0,0,/JKKUIGH/HJ6GHKH/HGJ65/FGG5J/NG43/N5DF/NB4F/NH54/HN4/N5GG/H44H/N66G/J55G/,1,http,0,0,1,1,0,1,0,1,1,0,1,2,0,0,0,0,0,1,0,0
bright-wedding.com.ua,0,0,/wp-content/uploads/2017/05/.a/,1,http,0,2,2,1,0,1,0,1,0,0,1,2,0,0,0,0,0,0,0,0
www.siclogistics.com,0,0,/hb.htm,0,http,0,2,0,0,0,1,0,1,0,0,2,2,0,0,0,0,0,1,0,0
www.meu-fgtscaixa.com,0,0,/2017/pages/inter/index.php,1,http,0,2,2,0,0,1,0,1,1,0,1,3,0,0,0,0,0,1,0,0
www.pellicole-adesive.com,0,0,/logs/public/,1,https,0,0,0,2,0,2,0,1,0,0,1,2,0,0,0,0,0,0,0,0
www.formget.com,0,0,/app/forms/view/RQcc-246023,0,http,0,0,0,0,0,1,0,1,0,1,0,2,0,0,0,0,0,0,0,0
www.sping-doo.si,0,0,/http/www/Santander.com.br/br/Cliente_ID=/,1,http,0,1,2,1,0,1,1,1,0,0,2,3,0,0,0,0,0,0,0,1
page.app15.in,0,0,/themeset1_2015-08-07-11-24-38/app/y/index.htm,0,http,0,2,2,1,0,1,0,1,0,0,1,2,0,0,0,0.13,0,0,0,0
paypal1.uk-ppl202.com,0,0,/sd/,1,http,0,0,0,1,1,1,0,1,1,0,1,3,0,0,0,0.1,0,1,0,0
tinyurl.com,0,0,/l6as4o2,0,https,0,0,0,0,0,0,0,1,0,1,0,1,0,0,0,0,0,0,0,0
www.maszx.org,1,0,/template/default/portal/roox/index.php,0,https,0,1,1,1,0,1,0,1,1,0,1,2,0,0,0,0,0,0,0,0
segurom3.beget.tech,0,0,/atendimentoseguro/,0,http,0,0,0,0,0,0,0,1,0,0,0,2,0,0,0,0.07,0,0,0,0
belgiumimagyarok.be,0,0,/wp/log.htm,0,http,0,0,0,1,0,1,0,1,0,0,1,2,0,0,0,0,0,0,0,0
faridhosiery.com,0,0,/aol.net/www.aol.com/index.htm,0,http,0,1,0,2,0,2,0,1,0,0,1,1,0,0,0,0,0,0,0,0
herballineteam.eu,0,0,/components/com_content/views/article/tmpl/Suntrust1/Suntrust/Suntrust/Suntrust/Suntrust/Suntrust/SunTrust -Online Banking.htm,0,https,0,0,1,1,0,1,0,1,1,0,1,1,0,0,0,0,0,0,0,0
mashtaresort.com,0,0,/mail.htm,0,http,0,0,2,2,0,2,0,1,0,1,2,1,0,0,0,0,0,0,0,0
pixelnam.net,0,0,/skonsko/BDBBB4/BDBBB/BDBBB/dpbx/index.php,0,http,0,0,2,0,1,1,0,1,1,0,1,1,0,0,0,0,0,0,0,0
www.unitedkingdomimmigrationservices.org,0,0,/jj_jp/e3dc325482ee637ca0bda89a9370b486/,0,http,0,0,1,0,0,1,0,1,1,0,1,3,0,0,0,0,0,0,0,0
grannyflat-s.com.au,1,0,/army/domainz/domainz/review/,1,http,0,2,1,1,0,1,0,1,1,0,1,3,0,0,0,0,0,0,0,0
ip-160-153-224-253.ip.secureserver.net,0,0,/,1,http,0,2,0,0,0,0,0,1,0,0,0,4,0,0,0,0.21,0,0,0,0
inativasfgtsativas.site,0,0,/tnt/caixa.gov.br/pages/inter/envio1.php,0,http,0,1,2,1,1,1,0,1,1,0,1,2,0,0,0,0,0,1,0,0
piewerks.com,0,0,/chinex/ogs/draft/mail.htm,0,http,0,0,1,2,0,2,0,1,0,0,1,1,0,0,0,0,0,0,0,0
www.facebooknotsz.gq,0,0,/f4/123456.mob,0,http,0,2,0,1,1,1,0,1,1,0,1,2,0,0,0,0,0,1,0,1
www.facebooknotsz.gq,0,0,/f4/,0,http,0,0,0,1,1,1,0,1,1,0,1,2,0,0,0,0,0,1,0,1
savagtolldoc.us,0,0,/done/index.html,0,http,0,0,0,1,0,1,0,1,1,0,1,1,0,0,0,0,0,0,0,0
sivasosb.org.tr,0,0,/webvc/index.php,0,http,0,2,1,1,1,1,0,1,0,0,2,2,0,0,0,0,0,0,0,0
simer.com.tr,0,0,/tescoonlineupdate.secures/,0,http,0,2,0,1,1,1,0,1,0,0,2,1,0,0,0,0,0,0,0,0
www.antiquehostel.ro,0,0,/logs/sxxs/dda6e20944a66809a09f4c577a882cac/verification/verification.php,0,http,0,2,1,1,0,1,0,1,0,0,1,2,0,0,0,0,0,0,0,0
www.carolyneslick.com,0,0,/chase/Chase_Online.html,0,http,0,2,0,1,1,1,0,1,1,0,1,2,0,0,0,0,0,0,0,0
piewerks.com,0,0,/chinex/ogs/draft/,0,http,0,0,0,2,0,2,0,1,0,0,1,1,0,0,0,0,0,0,0,0
robashburn.com,0,0,/gg/ayo1/,0,http,0,0,0,2,0,2,0,1,0,0,1,1,0,0,0,0,0,0,0,0
www.faridhosiery.com,0,0,/new/yahoo/login_verify2&amp;.src=ym/mail.html,0,http,0,1,2,2,0,2,0,1,0,0,1,2,0,0,0,0,0,0,0,0
www.snaphelp.byethost18.com,0,0,,0,http,0,2,0,0,0,1,0,1,0,0,2,3,0,0,0,0,0,0,0,0
www.prize.life,0,0,/libraries/joomla/cp.php,0,http,0,2,0,1,1,1,0,1,0,0,1,2,0,0,0,0,0,0,0,0
camillascake.it,0,0,//images/bannerss/.default/.express/.manage/.impress/.service/,0,http,1,1,1,0,0,1,0,1,0,0,1,1,0,0,0,0,0,0,0,0
librievini.it,0,0,/casfhgkjfhgkjdfhuigiyuyuruejfhjhgfjdhkj,0,http,0,0,2,0,0,1,0,1,0,0,1,1,0,0,0,0,0,0,0,0
offerup.com------------------login-confirm-account.aggly.com,0,0,/Login%20-%20OfferUp.htm,1,http,0,1,1,0,0,1,0,1,0,0,1,3,0,0,0,0,0,1,0,0
onlin-info-alert-sys-01.esy.es,0,0,/us/Home/62i83dr26j,1,http,0,0,2,1,1,1,0,1,1,0,1,3,0,0,0,0.08,0,0,0,0
carolyneslick.com,0,0,/chase/Chase_Online.html,0,http,0,0,0,1,1,1,0,1,1,0,1,1,0,0,0,0,0,0,0,0
email.premiumx.my,0,0,/edr/GD/PI/,0,http,0,0,0,1,1,1,0,1,0,0,2,2,0,0,0,0,0,0,0,0
seguranca-santa-mobile.000webhostapp.com,0,0,/app/dados.php,1,http,0,2,2,0,0,0,0,1,0,0,0,3,0,0,0,0,0,0,0,0
sarmawola.pl,0,0,/signin/,0,http,0,0,0,0,0,1,0,1,0,0,1,1,0,0,0,0,0,0,0,0
bit.ly,0,0,/2pD2nLt,0,http,0,0,0,1,0,1,0,1,0,1,0,1,0,0,0,0,0,0,0,0
makingdigital.com.br,0,0,/wp-includes/CentralClientes/index1.php,0,http,0,2,2,1,0,1,0,1,0,0,2,2,0,0,0,0,0,0,0,0
cliente01.novoportalb-b.com.br,0,0,/,1,http,0,1,2,1,0,1,0,1,1,0,1,3,0,0,0,0.06,0,0,0,0
carolyneslick.com,0,0,/yah/Yah/T/Y1.html,0,http,0,0,0,1,1,1,0,1,1,0,1,1,0,0,0,0,0,0,0,0
faridhosiery.com,0,0,/new/yahoo/login_verify2&amp;.src=ym/mail.html,0,http,0,2,2,2,0,2,0,1,0,0,1,1,0,0,0,0,0,0,0,0
www.caixa.gov.br-fgts.gov.br.trabalhador.servicos_online.saldo_fgts.asp.ct56372.tmweb.ru,0,0,/oferta.cliente,1,http,0,1,1,0,0,1,0,1,1,0,1,7,0,0,0,0.07,0,1,0,0
saldoinativofgts.com,0,0,/contas/acesso/pages/inter/index.php,0,http,0,0,2,2,0,2,0,1,0,0,1,2,0,0,0,0,0,1,0,0
recover-acct8431.esy.es,0,0,/index.html,1,http,0,2,0,1,1,1,0,1,1,0,1,2,0,0,0,0.2,0,0,0,0
recovery-your-acct-chekpoin-402.esy.es,0,0,/recovery/index.html,1,http,0,2,2,1,1,1,0,1,1,0,1,3,0,0,0,0.12,0,0,0,0
dhiyaselectric.co.id,0,0,/o%20-%20Copy.html,0,https,0,2,0,1,1,1,0,1,1,0,1,2,0,0,0,0,0,0,0,0
bit.ly,0,0,/2oXbqtJ,0,http,0,0,0,1,0,1,0,1,0,1,0,1,0,0,0,0,0,0,0,0
activation-locked-help17.16mb.com,0,0,/help-fb/fb.mobile/index.php,1,http,0,1,2,0,0,0,0,1,1,0,1,3,0,0,0,0.12,0,0,0,0
www.hallwaystreetsigns.com,0,0,/pdfs/home/1baec2b40858a848369b35612c8fb982/,0,http,0,0,1,2,0,1,0,1,0,0,2,2,0,0,0,0,0,0,0,0
cellusconections.info,0,0,/ule23575/watchts%3Fv%3DVI1awdJBldc/Qbqo-bQpoho/TFHY-J77vmw/index1.php,0,http,0,0,1,1,0,1,0,1,1,0,1,2,0,0,0,0,0,0,0,0
supporto-informatici.info,0,0,/cartasi.html,1,http,0,0,0,1,0,1,0,1,1,0,1,2,0,0,0,0,0,0,0,0
tinyurl.com,0,0,/kbtetvp,0,http,0,0,0,0,0,0,0,1,0,1,0,1,0,0,0,0,0,0,0,0
cargo-hangnadim.com,0,0,/surecers/Discover.com/index.htm,1,http,0,2,2,1,1,1,0,1,1,0,1,2,0,0,0,0,0,0,0,0
www.radaradt.com,0,0,/portal/libraries/gantry/images/iphone/esp/error.php,0,http,0,2,2,0,0,1,0,1,0,1,1,2,0,0,0,0,0,0,0,0
kenmetcalf.com,0,0,/old/images/su.htm,0,http,0,0,0,0,0,1,0,1,0,0,1,1,0,0,0,0,0,0,0,0
www.radaradt.com,0,0,/portal/libraries/gantry/images/iphone/js/home.php,0,http,0,2,2,0,0,1,0,1,0,1,1,2,0,0,0,0,0,0,0,0
thomasmorall.co,0,0,/amex/Validation/,0,http,0,0,0,1,0,1,0,1,1,0,1,1,0,0,0,0,0,0,0,0
bibliophile.free.fr,0,0,/tax.php,0,http,0,2,0,1,0,1,0,1,0,0,1,2,0,0,0,0,0,0,0,0
www.promosmilancamp.it,0,0,/mjc/hwdvideos/thumbs/indo.php,0,http,0,2,2,0,0,1,0,1,0,0,2,2,0,0,0,0,0,0,0,0
pages-5503.hol.es,0,0,/log1.php,1,http,0,2,0,1,1,1,0,1,1,0,1,3,0,0,0,0.17,0,0,0,0
pages-5503.hol.es,0,0,/facebook-security,1,http,0,0,0,1,1,1,0,1,1,0,1,3,0,0,0,0.17,0,0,0,0
safety-check-73652.esy.es,0,0,/index.html,1,http,0,2,0,1,1,1,0,1,1,0,1,2,0,0,0,0.2,0,0,0,0
plumberstomballtx.net,0,0,/wp-content/bod/E2F-BIN/E2NCNR01.php,0,http,0,0,1,0,0,1,0,1,1,0,1,2,0,0,0,0,0,0,0,0
desbloqueiomobile.com,0,0,/to/,0,http,0,0,0,0,0,1,0,1,1,0,1,2,0,0,0,0,0,0,0,0
whatsmyhomesvalue.us,0,0,/DocuSign/Secured/healthgov/,0,http,0,0,2,0,0,0,0,1,0,0,1,2,0,0,0,0,0,0,0,0
wrkinprog.com,0,0,/wp-admin/network/docs/a065df23d91e4a420483d210fd1689c7,0,http,0,0,2,2,0,2,0,1,0,0,1,1,0,0,0,0,0,0,0,0
cover-acct8678.esy.es,0,0,/index.html,1,http,0,2,0,1,1,1,0,1,1,0,1,2,0,0,0,0.2,0,0,0,0
www.bestlight.gr,0,0,/skin/frontend/default/modern/images/media/index.php,0,http,0,2,2,1,0,1,0,1,0,0,1,2,0,0,0,0,0,0,0,0
liceosanconrado.cl,0,0,/00202fjf/casts/,0,http,0,0,0,0,0,1,0,1,0,0,1,2,0,0,0,0,0,0,0,0
ashimsolutions.com,0,0,/logchase_dpt/index.php,0,http,0,0,0,0,0,1,0,1,1,0,1,1,0,0,0,0,0,0,0,0
festainfantilbh.com.br,0,0,/piscina_de_bolinhas/index.htm,0,http,0,2,2,1,0,1,0,1,0,0,1,3,0,0,0,0,0,0,0,0
ovbppst.pe.hu,0,0,/00987654565456765342345678uujujujjuj7654576890987654567890/,0,http,0,0,1,1,0,1,0,1,1,0,1,2,0,0,0,0,0,0,0,0
dallas177.arvixeshared.com,0,0,/~jforgash/Ppl.php,0,https,0,2,0,2,0,2,0,1,0,0,2,2,0,0,0,0.1,0,0,0,0
pursorder.esy.es,1,0,/purchase/,0,http,0,2,2,1,1,1,0,1,1,0,1,2,0,0,0,0,0,0,0,0
meowmeowmugs.com,0,0,/nccx7ak/index.htm,0,http,0,0,0,0,0,1,0,1,1,0,1,1,0,0,0,0,0,0,0,0
dhlmail.000webhostapp.com,0,0,/Linkedinn/login.htm,0,http,0,2,0,1,0,0,0,1,0,0,0,3,0,0,0,0,0,1,0,0
dhlmail.000webhostapp.com,0,0,/Linkedinn/Email_error.htm,0,http,0,2,2,0,0,0,0,1,0,0,0,3,0,0,0,0,0,1,0,0
mirazfood.com,0,0,/update/New/success.php,0,http,0,0,0,0,0,1,0,1,0,0,1,1,0,0,0,0,0,0,0,0
paypal.gb-ppsweb.com,0,0,/sd/,1,http,0,0,0,1,1,1,0,1,1,0,1,3,0,0,0,0,0,1,0,0
www.radaradt.com,0,0,/portal/libraries/gantry/images/iphone/js/zawd.php,0,http,0,2,2,0,0,1,0,1,0,1,1,2,0,0,0,0,0,0,0,0
www.radaradt.com,0,0,/portal/libraries/gantry/images/iphone/esp/esp.php,0,http,0,2,2,0,0,1,0,1,0,1,1,2,0,0,0,0,0,0,0,0
www.radaradt.com,0,0,/portal/libraries/gantry/facets/menu/themes/touch/esp/zessd.php,0,http,0,2,1,0,0,1,0,1,0,1,1,2,0,0,0,0,0,0,0,0
www.nanotechnopolis.com,0,0,/validdocument/,0,http,0,0,0,0,0,1,0,1,0,0,1,2,0,0,0,0,0,0,0,0
www.nanotechnopolis.com,0,0,/validdocument/9dbe7127e25a7065795f971452e848c0/,0,http,0,0,1,0,0,1,0,1,0,0,1,2,0,0,0,0,0,0,0,0
www.nanotechnopolis.com,0,0,/viewdocs/216a90999c44c5fba9a4df02e696bd37/,0,http,0,0,2,0,0,1,0,1,0,0,1,2,0,0,0,0,0,0,0,0
www.nanotechnopolis.com,0,0,/viewdocs/,0,http,0,0,0,0,0,1,0,1,0,0,1,2,0,0,0,0,0,0,0,0
netlflex-001-site1.1tempurl.com,0,0,/isnm/,1,http,0,0,0,0,0,1,0,1,1,0,2,3,0,0,0,0.08,0,0,0,0
www.unitedkingdomimmigrationservices.org,0,0,/jj_jp/ab915942e58c760ebd16ed102c0a54e2/,0,http,0,0,1,1,0,1,0,1,1,0,1,3,0,0,0,0,0,0,0,0
www.unitedkingdomimmigrationservices.org,0,0,/jj_jp/,0,http,0,0,2,0,0,1,0,1,1,0,1,3,0,0,0,0,0,0,0,0
c3pluscs.com,0,0,/secured/index.php,0,http,0,0,0,0,0,1,0,1,1,0,1,1,0,0,0,0,0,0,0,0
www.skytel.lk,0,0,/bofa/home/login.php,0,http,0,2,0,1,1,1,0,1,0,0,2,2,0,0,0,0,0,0,0,0
www.radaradt.com,0,0,/portal/libraries/gantry/html/layouts/html/xewsaq.php,0,http,0,2,1,0,0,1,0,1,0,1,1,2,0,0,0,0,0,0,0,0
lightshadeinc.com,0,0,/wp-content/dropbox/dropbox/,0,http,0,0,0,0,0,1,0,1,0,0,1,1,0,0,0,0,0,0,0,0
www.eladorno.co,0,0,/de/index.htm,0,http,0,2,0,0,0,1,0,1,1,0,1,2,0,0,0,0,0,0,0,0
new72matchphotos.890m.com,0,0,/index.htm,0,http,0,2,0,0,0,0,0,1,1,0,0,3,0,0,0,0.1,0,0,0,0
p0f.desi,0,0,/Login_to_Your_Account(9).htm,0,http,0,0,0,1,0,1,0,1,1,0,1,1,0,0,0,0,0,0,0,0
bitly.com,0,0,/a/warning,0,https,0,2,1,0,0,0,1,1,1,1,0,1,0,0,0,0,0,0,0,0
goodnessvanillalive.com,1,0,/xupx/chinko/index.php,0,http,0,1,2,0,0,0,0,1,0,0,1,1,0,0,0,0,0,0,0,0
gusp.pt,0,0,/olasa/driveup/df1300056d9b054301c0650015536105/login.php,0,http,0,0,2,1,1,1,0,1,0,0,1,1,0,0,0,0,0,0,0,0
previewphotos.16mb.com,0,0,/,0,http,0,0,0,0,0,0,0,1,0,0,1,3,0,0,0,0.1,0,0,0,0
matchphotos021.96.lt,0,0,/index.htm,0,http,0,2,0,1,0,1,0,1,1,0,0,3,0,0,0,0.08,0,0,0,1
karikari.com.br,0,0,/wa_gallery/,0,http,0,0,0,1,0,1,0,1,0,0,1,2,0,0,0,0,0,0,0,0
innoscript.nl,0,0,/paypal-customer/webapps/c74b1/websrc,0,http,0,0,2,1,0,1,0,1,1,0,1,1,0,0,0,0,0,0,0,0
searchtripdeals.com,0,0,/!!..HXtR77LffQ..!!/home/,0,http,0,1,0,1,1,1,0,1,1,0,1,1,0,0,0,0,0,0,0,0
platerom.ro,0,0,/mygenlvl/products/viewer.php,0,http,0,0,0,1,0,1,0,1,0,0,2,1,0,0,0,0,0,0,0,0
piewerks.com,0,0,/chinex/ogs/draft/mail.htm,0,http,0,0,1,2,0,2,0,1,0,0,1,1,0,0,0,0,0,0,0,0
festivalbecause.org,0,0,/boks/rap/olsag/almiu.html,0,http,0,0,1,0,0,0,0,1,0,0,1,1,0,0,0,0,0,0,0,0
superhousepictures.com,1,0,/dhl/awb/tracking/DHL%20AUTO/dhl.php,0,http,0,1,1,0,0,1,0,1,0,0,1,1,0,0,0,0,0,0,0,0
liceosanconrado.cl,0,0,/836gsg5/casts/,0,http,0,0,0,0,0,1,0,1,0,0,1,2,0,0,0,0,0,0,0,0
verifyonline.live,0,0,/new/hass/e175e0395a5fcceb980485ac37f043f1/login.html,0,https,0,0,1,1,1,1,0,1,1,0,1,1,0,0,0,0,0,0,0,0
oa.ying-zhuo.com,0,0,/bbsnew/utrasfc/harghi.html,1,http,0,2,0,0,0,0,0,1,0,0,1,2,0,0,0,0,0,0,0,0
goo.gl,0,0,/dJIYS9,0,https,0,0,1,1,0,1,0,1,0,1,0,1,0,0,0,0,0,0,0,0
eveannlovero.com,0,0,/modules/footer/mp/autoexcel/excel/index.php,0,http,0,2,1,2,0,1,0,1,0,0,2,1,0,0,0,0,0,0,0,0
www.100clubchicago.org,0,0,/asset/office/350/,0,http,0,0,0,0,0,1,0,1,0,0,1,2,0,0,0,0,0,0,0,0
paypal.gb-ppsweb.com,0,0,/sd/confirm.php,1,http,0,2,2,1,1,1,0,1,1,0,1,3,0,0,0,0,0,1,0,0
www.polyplanltd.com,0,0,/js/en/,0,https,0,0,0,0,0,1,0,1,0,0,1,2,0,0,0,0,0,0,0,0
hubenbartl.at,0,0,/www.google.com/,0,http,0,2,0,1,0,1,0,1,0,0,1,1,0,0,0,0,0,0,0,0
www.radaradt.com,0,0,/portal/libraries/gantry/facets/menu/themes/touch/esp//mxea.php,0,http,1,2,1,0,0,1,0,1,0,1,1,2,0,0,0,0,0,0,0,0
www.ecutrack.com,0,0,/box1/dropbx.php,0,http,0,2,0,0,0,1,0,1,0,0,1,2,0,0,0,0,0,0,0,0
gsl.xiyoukeji.com,0,0,/ueditor/feed/zabbbbbbi.html,0,http,0,2,0,0,0,1,0,1,0,0,1,2,0,0,0,0,0,0,0,0
manieyt.tk,0,0,/,0,http,0,0,2,1,0,1,0,1,0,0,1,1,0,0,0,0,0,0,0,1
amazon-check-81.de-support.ru,0,0,/vetos/anmelden.php,1,http,0,2,1,1,0,1,0,1,1,0,1,3,0,0,0,0.07,0,1,0,0
manage.apple.com.webobjectsd5dbc98dcc983a7028bd82d1a47541.divinityhousingprojects.com,0,0,/7ae1c6c2293e74bc814747a63bde302f/login.html,0,http,0,1,1,1,1,1,0,1,1,0,1,4,0,0,0,0.08,0,1,0,0
omahcorp.co.id,0,0,/dx/b0028c287609714d60df89942ca88094/,0,http,0,0,2,1,1,1,0,1,1,0,1,2,0,0,0,0,0,0,0,0
deltaseguridadbolivia.com,0,0,/img/public/,0,http,0,0,0,0,0,1,0,1,1,0,1,2,0,0,0,0,0,0,0,0
igforweddingpros.com,0,0,/hhhhhhh/driveup/66dc158d3547ff71bd59d802589a4704/login.php,0,http,0,0,1,1,1,1,0,1,1,0,1,1,0,0,0,0,0,0,0,0
omahcorp.co.id,0,0,/dx/012962f7ce4c0854415e6bd264535560/,0,http,0,0,2,1,1,1,0,1,1,0,1,2,0,0,0,0,0,0,0,0
i-house.se,0,0,/wp-trackback/en/,1,http,0,0,1,0,0,1,0,1,0,0,1,2,0,0,0,0,0,0,0,0
cic.com.jo,0,0,/libraries/openid/Auth/OpenID/system/login.php,0,http,0,1,1,1,0,1,0,1,0,0,2,2,0,0,0,0,0,0,0,0
ad-blockeds.com,0,0,/--/www.impots.gouv.fr/file/dd14aa66803d699fee4b16424002d39d/,1,http,0,1,1,1,1,1,0,1,1,0,1,1,0,0,0,0,0,0,0,0
ad-blockeds.com,0,0,/--/www.impots.gouv.fr/file/cf036cb9af9ed6833821231c37a85a51/,1,http,0,1,1,1,1,1,0,1,1,0,1,1,0,0,0,0,0,0,0,0
town-el.com,0,0,/images/metalware/xkzero/docusign.com/ldcs/index.php,1,http,0,2,2,1,1,1,0,1,1,0,1,1,0,0,0,0,0,0,0,0
www.scoreyourexback.com,0,0,/aol.net/www.aol.com/,0,http,0,1,0,2,0,2,0,1,0,0,1,2,0,0,0,0,0,0,0,0
nanotechnopolis.com,0,0,/validdocument/f4d2dfb73a486890c95a3b59d9090b5f/,0,http,0,0,2,0,0,1,0,1,0,0,1,1,0,0,0,0,0,0,0,0
saughallmassie.org,0,0,/we/seniorpeoplemeet/v3/login.html,0,http,0,0,2,0,0,0,0,1,0,0,1,1,0,0,0,0,0,0,0,0
www.paypal-resolveds.com.informations-payments.nut.cc,0,0,/webapps/11fe9/websrc,1,http,0,1,1,2,0,2,0,1,0,0,2,4,0,0,0,0,0,1,0,1
uesi.aesbiz.com,0,0,/wp-content/themes/twentyfifteen/inc/monn.htm,0,http,0,2,2,0,0,0,0,1,0,0,2,2,0,0,0,0,0,0,0,0
www.lhndemo.com,0,0,/wp-css/update.html,0,http,0,2,0,1,1,1,0,1,1,0,1,2,0,0,0,0,0,0,0,0
www.abcroadandlockassistance.com,0,0,/IWA/GD/,0,http,0,0,0,1,1,1,0,1,1,0,1,2,0,0,0,0,0,0,0,0
www.sanitaire-express.fr,0,0,/skin/frontend/AdobeVerify/index.html,1,http,0,2,2,0,0,1,0,1,0,0,2,2,0,0,0,0,0,0,0,0
www.eventhire4u.com,0,0,/parosky/c20fc985e383229ad100f434ac404397/,0,http,0,0,2,1,1,1,0,1,1,0,1,2,0,0,0,0,0,0,0,0
crimsonadvisorygroup.com,0,0,/wp-admin/online-banking/Cappi/last.php,0,http,0,0,2,0,0,1,0,1,1,0,1,2,0,0,0,0,0,0,0,0
crimsonadvisorygroup.com,0,0,/wp-admin/online-banking/Cappi/One360.php,0,http,0,0,2,0,0,1,0,1,1,0,1,2,0,0,0,0,0,0,0,0
hoiniki.by,0,0,/wp-content/ngg/modules/1/sa/admin.html,0,http,0,0,1,1,0,1,0,1,0,0,2,1,0,0,0,0,0,0,0,0
hoiniki.by,0,0,/wp-content/ngg/modules/1/sa/index.php,0,http,0,0,2,1,0,1,0,1,0,0,2,1,0,0,0,0,0,0,0,0
www.nnordson.com,0,0,/%7b%7d/781687308acaa5e461dab88736b39e34/,0,http,0,0,2,1,1,1,0,1,1,0,1,2,0,0,0,0,0,0,0,0
brimkers.com,0,0,/ausinvcontracts/ms/,0,http,0,0,0,1,1,1,0,1,1,0,1,1,0,0,0,0,0,0,0,0
shop.luigibaldo.com,0,0,/cloud/logintoyouraccount.securebilling/mi/index/web/,0,http,0,2,1,0,0,0,0,1,0,0,2,2,0,0,0,0,0,0,0,0
shop.luigibaldo.com,0,0,/cloud/logintoyouraccount.securebilling/mi/index/web/,0,http,0,2,1,0,0,0,0,1,0,0,2,2,0,0,0,0,0,0,0,0
besame.com,0,0,/buscador/china/,0,http,0,0,0,0,0,1,0,1,0,0,2,1,0,0,0,0,0,0,0,0
tetedebois.ca,0,0,/wonderland/Gdoccc/,0,https,0,0,0,0,0,1,0,1,0,0,1,1,0,0,0,0,0,0,0,0
freestyle.d934713.u-telcom.net,0,0,/Boa_Fud_2016/home/login.php,1,http,0,1,1,0,0,1,0,1,0,0,2,3,0,0,0,0.15,0,0,0,0
zovermedical.com.sa,0,0,/worthie/aptgd/,0,http,0,0,0,1,0,1,0,1,0,0,1,2,0,0,0,0,0,0,0,0
cic.com.jo,0,0,/libraries/openid/Auth/OpenID/system/login.php,0,http,0,1,1,1,0,1,0,1,0,0,2,2,0,0,0,0,0,0,0,0
nanotechnopolis.com,0,0,/validdocument/38db23899b2225acc540a2cc9b4dae45/,0,http,0,0,2,0,0,1,0,1,0,0,1,1,0,0,0,0,0,0,0,0
nanotechnopolis.com,0,0,/viewdocs/a09cfd617135eb9c20d0bb6fd6cdd9c9/,0,http,0,0,2,0,0,1,0,1,0,0,1,1,0,0,0,0,0,0,0,0
kohchang-holidays.com,0,0,/t-online/t0nline/user-verify.htm,1,http,0,0,2,2,0,0,0,1,0,0,1,2,0,0,0,0,0,0,0,0
www.web2sale.com,0,0,/wordpress/wp-content/upgrade/pnc.htm,0,http,0,2,2,2,0,2,0,1,0,0,1,2,0,0,0,0,0,0,0,0
capsilab.com,0,0,/wp-admin/css/colors/adobepdf/,0,http,0,0,0,0,0,1,0,1,0,0,1,1,0,0,0,0,0,0,0,0
scoreyourexback.com,0,0,/aol.net/www.aol.com/index.htm,0,http,0,1,2,2,0,2,0,1,0,0,1,1,0,0,0,0,0,0,0,0
deliziedallasicilia.com,0,0,/view2/file/index.php,0,https,0,0,2,0,0,1,0,1,0,0,1,2,0,0,0,0,0,0,0,0
www.apple2api.com,0,0,/indexx.html,0,http,0,2,0,1,1,1,0,1,1,0,1,2,0,0,0,0,0,1,0,0
hoiniki.by,0,0,/wp-content/ngg/modules/1/sa/admin.html,0,http,0,0,1,1,0,1,0,1,0,0,2,1,0,0,0,0,0,0,0,0
hoiniki.by,0,0,/wp-content/ngg/modules/1/sa/admin.html,0,http,0,0,1,1,0,1,0,1,0,0,2,1,0,0,0,0,0,0,0,0
fsdressbd.com,0,0,/Resources/libraries/KJI/crypt/index.html,0,http,0,0,2,1,1,1,0,1,1,0,1,1,0,0,0,0,0,0,0,0
usnnvery.hol.es,0,0,/US.BANK/USDB/Home/home/auth/,0,http,0,2,0,1,1,1,0,1,1,0,1,3,0,0,0,0,0,0,0,0
d662653.u-telcom.net,0,0,/gggg/ayo1/,1,http,0,0,0,0,0,1,0,1,0,0,2,3,0,0,0,0.2,0,0,0,0
abcroadandlockassistance.com,0,0,/IWA/GD/,0,http,0,0,0,1,1,1,0,1,1,0,1,1,0,0,0,0,0,0,0,0
d662653.u-telcom.net,0,0,/ggg/ayo1/,1,http,0,0,0,0,0,1,0,1,0,0,2,3,0,0,0,0.2,0,0,0,0
lhndemo.com,0,0,/wp-css/update.html,0,http,0,0,0,1,1,1,0,1,1,0,1,1,0,0,0,0,0,0,0,0
town-el.com,0,0,/images/furniture/living-room/nrpgroup/docusign.com/ldcs/index.php,1,http,0,2,1,1,1,1,0,1,1,0,1,1,0,0,0,0,0,0,0,0
zip.net,0,0,/bltHKt,0,http,0,0,0,0,0,0,0,1,0,0,0,1,0,0,0,0,0,0,0,0
desertsportswear.com,0,0,/bankofamerica.com/c90da847db9803c2dc7bc28bfb1f52fc/,0,http,0,0,1,0,0,1,0,1,0,0,1,1,0,0,0,0,0,0,0,0
desertsportswear.com,0,0,/bankofamerica.com/b3bd4cd09ccfad2b4cc886674ed0f034/,0,http,0,0,1,0,0,1,0,1,0,0,1,1,0,0,0,0,0,0,0,0
desertsportswear.com,0,0,/bankofamerica.com/0851e47ba18dffc71d7473a5d26ede59/,0,http,0,0,1,0,0,1,0,1,0,0,1,1,0,0,0,0,0,0,0,0
1drv.ms,0,0,/xs/s!AvfOtwj8HUk3lALJBGk-H9s1dhiC,0,https,0,0,0,0,0,1,0,1,0,0,2,1,0,0,0,0.17,0,0,0,0
ardobiejewska.pl,0,0,/libraries/phputf8/mbstring/adb/nix.html,0,http,0,0,2,0,0,1,0,1,0,0,2,1,0,0,0,0,0,0,0,0
mkt-santa.000webhostapp.com,0,0,/app/dados.php,1,https,0,2,0,0,0,0,0,1,0,0,0,3,0,0,0,0,0,0,0,0
protokolo.com,0,0,/plugins/system/highlight/highlight.html,0,https,0,0,2,0,0,0,0,1,0,0,2,1,0,0,0,0,0,0,0,0
www.southerncomfortmechanical.ca,0,0,/confirmation-account/information-account.updates/webapps/2f93a/websrc,0,http,0,2,1,0,0,1,0,1,0,0,1,3,0,0,0,0,0,0,0,0
novotelbd.asia,0,0,/blooding/drpbdocs/,0,https,0,0,0,0,0,1,0,1,0,0,1,1,0,0,0,0,0,0,0,0
sll.well.com.mangtonics.in,0,0,/WellsNew/,0,http,0,1,0,1,1,1,0,1,1,0,1,4,0,0,0,0,0,0,0,0
bestincs.com,0,0,/Dropbox/Dropbox/Dropbox/WS/8544b70514b0449d008c7091a66d58f9/contlnue.php,0,http,0,0,1,2,0,2,0,1,0,0,1,1,0,0,0,0,0,0,0,0
confluentc.com,0,0,/images/excelfile/74432a853b79550cdab03dbb6bbd3497/,0,http,0,0,2,0,0,0,0,1,0,0,1,1,0,0,0,0,0,0,0,0
revistatourgourmet.com,0,0,/tmp/mail-box/TnpBNE16VTFPRGc1/,0,http,0,0,2,0,0,1,0,1,0,1,1,1,0,0,0,0,0,0,0,0
capsilab.com,0,0,/wp-admin/css/colors/midnight/adobepdf/error.html,0,http,0,0,2,0,0,1,0,1,0,0,1,1,0,0,0,0,0,0,0,0
www.nnordson.com,0,0,/%7b%7d/1ccc2a9663830e10a51f54c41ff20bfd/,0,http,0,0,2,1,1,1,0,1,1,0,1,2,0,0,0,0,0,0,0,0
cover-acct6445.esy.es,0,0,/index.html,1,http,0,2,0,1,1,1,0,1,1,0,1,2,0,0,0,0.2,0,0,0,0
wildfor.life,0,0,/share/139/html/dfvAGds/doc147/74353cee37c9ecb6a451bc954bafca10/,0,https,0,0,1,1,1,1,0,1,0,0,2,1,0,0,0,0,0,0,0,0
daydo-app.com,0,0,/ibeacon/configuration/Billing/information/verification/secure/center/amz/moises/4da943b781212f12af6a38cec88316f4/welog.php,1,https,0,0,1,2,0,2,0,1,0,0,1,2,0,0,0,0,0,0,0,0
www.ornamentmania.com,0,0,/lib/gdoc-secure/gtex,0,http,0,0,0,0,0,0,0,1,0,0,1,2,0,0,0,0,0,0,0,0
ioannasakellaraki.com,0,0,/log/,0,http,0,0,0,0,0,1,0,1,0,0,1,1,0,0,0,0,0,0,0,0
hetys.com,0,0,/1/1/3a05e762b509f0ce34759e521fab7ff5/,0,http,0,0,2,2,0,2,0,1,0,0,1,1,0,0,0,0,0,0,0,0
centreforcorporatecoaching.com,1,0,/okaposa/engauto189/mailbox/mailbox/,0,http,0,0,1,0,0,1,0,1,0,0,1,2,0,0,0,0,0,0,0,0
ansti.org,0,0,/email/gmail/login.php,0,http,0,0,0,2,0,2,0,1,0,0,2,1,0,0,0,0,0,0,0,0
lilistephens.com,0,0,/2017/5634/,0,http,0,0,0,2,0,1,0,1,0,0,1,1,0,0,0,0,0,0,0,0
michiganlegacyrun.org,0,0,/wp-includes/images/media/docs/f9a9ed0650facc5c38a2e610e70531cc/,0,http,0,0,1,2,0,2,0,1,1,0,1,2,0,0,0,0,0,0,0,0
michiganlegacyrun.org,0,0,/wp-includes/images/media/docs/ecf6e39f4c4c31ce30a7ab3b73013d63/,0,http,0,0,1,2,0,2,0,1,1,0,1,2,0,0,0,0,0,0,0,0
michiganlegacyrun.org,0,0,/wp-includes/images/media/docs/cb526d16caaa76162cf2058f1e4e13b0/,0,http,0,0,1,2,0,2,0,1,1,0,1,2,0,0,0,0,0,0,0,0
michiganlegacyrun.org,0,0,/wp-includes/images/media/docs/66ec98fade446a1d5aaee83ecca64008/,0,http,0,0,1,2,0,2,0,1,1,0,1,2,0,0,0,0,0,0,0,0
liceosanconrado.cl,0,0,/02364LOJD/casts/,0,http,0,0,0,0,0,1,0,1,0,0,1,2,0,0,0,0,0,0,0,0
michiganlegacyrun.org,0,0,/wp-includes/images/media/docs/1f5b3affcbd626772a3bb23d1cbae1b9/,0,http,0,0,1,2,0,2,0,1,1,0,1,2,0,0,0,0,0,0,0,0
michiganlegacyrun.org,0,0,/wp-includes/images/media/docs/0980832a9d883da9ec7411b5161fdee6/,0,http,0,0,1,2,0,2,0,1,1,0,1,2,0,0,0,0,0,0,0,0
lambabajunior.com,0,0,/gaz/Googledrt1/login.php,0,http,0,0,0,1,1,1,0,1,1,0,1,1,0,0,0,0,0,0,0,0
www.contasinativas.caixa.gov.br-fgts.gov.br.trabalhador.servicos_online.saldo_fgts.asp.cs31547.tmweb.ru,0,0,/oferta.cliente,1,http,0,1,1,0,0,1,0,1,1,0,1,8,0,0,0,0.07,0,1,0,0
www.adsensemart.com,0,0,/dp/ayo1/ayo1/,0,http,0,0,0,1,1,1,0,1,0,1,1,2,0,0,0,0,0,0,0,0
almihrab.com.my,0,0,/dhl/adobelatest/adobe/,0,http,0,0,0,1,1,1,0,1,1,0,1,2,0,0,0,0,0,0,0,0
acr.suisscard.ch.secure3.registrierung.suisstip.info,0,0,/,0,http,0,1,2,0,0,1,0,1,1,0,1,5,0,0,0,0,0,1,0,0
murraylorri145.000webhostapp.com,0,0,/linkedsneed in page (1)/linkedsneed in page/index.html,0,https,0,2,1,0,0,0,0,1,0,0,0,3,0,0,0,0.1,0,0,0,0
ativar-cadastro.pe.hu,0,0,/ml/ml/mercadolivre/,1,http,0,0,0,1,0,1,0,1,1,0,1,2,0,0,0,0,0,0,0,0
madilina.com,0,0,/wordpress/error_txt/validate.htm,0,http,0,0,0,0,0,1,0,1,0,0,1,1,0,0,0,0,0,0,0,0
internetbod.com,0,0,/pod/,0,http,0,0,2,2,0,2,0,1,0,0,1,1,0,0,0,0,0,0,0,0
cover-acct0020.esy.es,0,0,/index.html,1,http,0,2,0,1,1,1,0,1,1,0,1,2,0,0,0,0.13,0,0,0,0
cover-acct5438.esy.es,0,0,/index.html,1,http,0,2,0,1,1,1,0,1,1,0,1,2,0,0,0,0.2,0,0,0,0
77.194.54.247,0,1,/wordpress/online.hmrc.gov.uk/index.php,0,http,0,1,2,1,1,1,0,1,0,0,1,3,0,0,0,1,0,0,0,0
email.windwardalerts.com,0,0,/c/eJxtjjFvwyAQhX-NvVQgOIMhA0PSONkytNkrfJDElR0sjGX535eokoeqy9Ppe_fuHZp1Ny596Yyzddti2RlgXDHJgEMluaZVrYEKCVpQLvXppJtDIdjSPd1io7O9j2miGIbyYQA1olOtUO1NWkThAVSrdrVAjnizZW_-yUXz7WNc6RAeMV8O0d_Dc0o2eerdXA4rwXlKYSDOJmsKdSgAPprzcX9t8lRU-6z555pwIFy_MZVRJbOApOy1Ae9Z7zHM41fntgjfrOSHsc91m6t--Wdzuf5tUYRJwuCF1PEHscdZow,0,http,0,0,1,0,0,1,0,1,0,0,2,2,0,0,0,0,0,0,0,0
baltkagroup.com,0,0,/mailcheck/source/,0,http,0,0,0,1,1,1,0,1,1,0,1,1,0,0,0,0,0,0,0,0
owa1.everettwa.gov,0,0,/owa/redir.aspx,0,https,0,2,1,1,0,1,0,1,0,0,2,3,0,0,0,0,0,0,0,0
www.botecodomarianobit.com,0,0,/pages2/inter/home.html,0,http,0,2,2,1,1,1,0,1,1,1,1,2,0,0,0,0,0,0,0,0
premiosmastercard.esy.es,0,0,/W!645/index/,0,http,0,0,0,1,1,1,0,1,1,0,1,2,0,0,0,0,0,1,0,0
goo.gl,0,0,/JVVHeA,0,https,0,0,0,1,0,1,0,1,0,1,0,1,0,0,0,0,0,0,0,0
bit.ly,0,0,/2qww0gG,0,http,0,0,0,1,0,1,0,1,0,1,0,1,0,0,0,0,0,0,0,0
adsensemart.com,0,0,/dp/ayo1/ayo1/,0,http,0,0,0,1,0,1,0,1,0,1,1,1,0,0,0,0,0,0,0,0
tauruswelding.com,0,0,/flight/stage/af/ad/ghjk/pvtd_clnt/index2.php,0,http,0,0,2,2,0,2,0,1,0,0,1,1,0,0,0,0,0,0,0,0
c4cqk784.caspio.com,0,0,/dp.asp,0,https,0,2,2,0,0,1,0,1,1,0,0,2,0,0,0,0.22,0,0,0,0
caixaonlinefgts.hostkda.com,0,0,/pages/,0,http,0,0,0,0,0,1,0,1,0,0,2,2,0,0,0,0,0,1,0,0
telegraphycoursemorse.com,0,0,/cielo/,0,http,0,0,0,1,1,1,0,1,1,0,1,1,0,0,0,0,0,0,0,0
tinyurl.com,0,0,/mt5hquu,0,https,0,0,0,0,0,0,0,1,0,1,0,1,0,0,0,0,0,0,0,0
contasinativascaixafgts.name,0,0,/caixa.gov.br/pages/inter/index.php,0,http,0,1,2,1,1,1,0,1,1,0,1,2,0,0,0,0,0,1,0,0
signin.amazon.co.uk-prime.form-unsuscribe.id-7816.nproofing.com.au,0,0,/ren/op/,1,http,0,1,1,1,0,1,0,1,1,0,1,5,0,0,0,0.07,0,1,0,0
primoframe.com,0,0,/amber/,0,http,0,0,0,0,0,1,0,1,0,0,1,1,0,0,0,0,0,0,0,0
tinyurl.com,0,0,/katfbes,0,http,0,0,0,0,0,0,0,1,0,1,0,1,0,0,0,0,0,0,0,0
consultabeneficiosmirror01.esy.es,0,0,/Consulta/acesso/,0,http,0,0,2,1,1,1,0,1,1,0,1,2,0,0,0,0,0,0,0,0
tinyurl.com,0,0,/n8g7wy8,0,http,0,0,0,0,0,0,0,1,0,1,0,1,0,0,0,0,0,0,0,0
adpportal.hol.es,0,0,/adp.payrollchanges/,0,http,0,2,0,1,1,1,0,1,1,0,1,3,0,0,0,0,0,0,0,0
ts4.96.lt,0,0,/i/,0,http,0,0,0,1,0,1,0,1,1,0,0,2,0,0,0,0.08,0,0,0,1
diariapromotionspecial.com,0,0,/OFERTAS11910apc/produto.php,0,http,0,0,1,2,0,2,0,1,0,0,1,2,0,0,0,0,0,0,0,0
innamorata.com.ar,0,0,/melodyfriespitchment/Docusign/index.php,0,http,0,2,2,1,1,1,0,1,0,0,1,2,0,0,0,0,0,0,0,0
promotion-smart.com,0,0,/iphone5s.html,1,http,0,0,0,1,1,1,0,1,1,1,1,2,0,0,0,0,0,0,0,0
designaxis.net,0,0,/secure-doc/DropNewVasion/Fresh/,0,http,0,0,0,0,0,1,0,1,0,0,1,1,0,0,0,0,0,0,0,0
ornamentmania.com,0,0,/shell/gdoc-secure/gtex/,0,http,0,0,0,0,0,0,0,1,0,0,1,1,0,0,0,0,0,0,0,0
euromina.com.vn,0,0,/%20%20/home/pessoa-fisica.php,0,http,0,2,0,1,1,1,0,1,0,0,1,1,0,0,0,0,0,0,0,0
attlw.net,0,0,/m/cprodx.att.net/commonLogin/igate_edam/controller.html,0,http,0,1,2,1,1,1,0,1,1,0,1,1,0,0,0,0,0,0,0,0
check-your-acct2017.esy.es,0,0,/index.html,1,http,0,2,0,1,1,1,0,1,1,0,1,2,0,0,0,0.12,0,0,0,0
websitebuilder102.website.com,0,0,/ITservice1/,0,http,0,0,0,0,0,1,0,1,0,0,0,2,0,0,0,0.08,0,0,0,0
purchase-order.esy.es,0,0,/purchase/document.html,1,http,0,2,0,1,1,1,0,1,1,0,1,2,0,0,0,0,0,0,0,0
w-reia.com,0,0,/wichita/new.php,1,http,0,0,1,1,1,1,0,1,1,0,1,1,0,0,0,0,0,0,0,0
xicksy.win,0,0,/xhht4ff2odc.html,0,http,0,0,0,1,0,1,0,1,1,0,1,1,0,0,0,0,0,0,0,1
check-updates-app.hol.es,0,0,/logins.php,1,http,0,2,0,1,1,1,0,1,1,0,1,3,0,0,0,0,0,0,0,0
check-updates-app.hol.es,0,0,/system-confirmation-fb,1,http,0,0,2,1,1,1,0,1,1,0,1,3,0,0,0,0,0,0,0,0
mygosecure.com,0,0,/,0,http,0,0,1,0,0,1,0,1,0,0,1,1,0,0,0,0,0,0,0,0
mygosecure.com,0,0,/,0,http,0,0,1,0,0,1,0,1,0,0,1,1,0,0,0,0,0,0,0,0
www.hallwaystreetsigns.com,0,0,/pdfs/home/bfbe060107cd442c604ff0a69cc8a940/,0,http,0,0,1,2,0,1,0,1,0,0,2,2,0,0,0,0,0,0,0,0
chmsry.org.za,0,0,/Topultimatenew/product/products/,0,http,0,0,0,1,0,1,0,1,1,0,1,2,0,0,0,0,0,0,0,0
centreforcorporatecoaching.com,1,0,/okaposa/engauto189/mailbox/mailbox/,0,http,0,0,1,0,0,1,0,1,0,0,1,2,0,0,0,0,0,0,0,0
centreforcorporatecoaching.com,1,0,/okaposa/engauto189/mailbox/mailbox/,0,http,0,2,1,0,0,1,0,1,0,0,1,2,0,0,0,0,0,0,0,0
advancemedical-sa.com,0,0,/file/review.pg/manage/,1,http,0,0,0,0,0,1,0,1,0,0,1,2,0,0,0,0,0,0,0,0
yanluxe.com,0,0,/wp-content/themes/idstore/js/index.php,0,http,0,0,2,0,0,1,0,1,0,0,1,1,0,0,0,0,0,0,0,0
www.sicoobcard.net.br,0,0,/413123/inicio.html,0,http,0,1,0,1,0,1,0,1,1,0,1,3,0,0,0,0,0,1,0,0
check091.hol.es,0,0,/log11.php,0,http,0,2,0,1,1,1,0,1,1,0,1,3,0,0,0,0.12,0,0,0,0
supports01123.hol.es,0,0,/facebook-confirmation,0,http,0,0,0,1,1,1,0,1,1,0,1,3,0,0,0,0.16,0,0,0,0
halpcenter-001acontscheck.esy.es,0,0,/recovery-chekpoint-login.html,1,http,0,2,2,1,1,1,0,1,1,0,1,3,0,0,0,0.06,0,0,0,0
ecutrack.com,0,0,/box1/,0,http,0,0,0,0,0,1,0,1,0,0,1,1,0,0,0,0,0,0,0,0
cop.com.pe,0,0,/wp-content/adobee/adobe.php,0,http,0,2,0,1,1,1,0,1,0,0,1,1,0,0,0,0,0,0,0,0
shobiziems.com,0,0,/dreamforce/sess/ca43f279b087320cba6ba3087a8f1f39/,0,https,0,0,2,1,0,0,0,1,0,0,2,1,0,0,0,0,0,0,0,0
lhhaokailighting.com,0,0,/wellsfargo.Gucci/identity.php,0,http,0,2,2,0,0,1,0,1,0,0,1,1,0,0,0,0,0,0,0,0
siyacom.net,0,0,/listoforderitemsneededforurgentsupply/cgi-bin/fomfix/form/,0,http,0,0,1,2,0,1,0,1,0,0,1,1,0,0,0,0,0,0,0,0
www.service-freeboxligne.com,0,0,/assurez/9ae75b651ab5a58462046a33308528b8/,1,http,0,0,1,1,1,1,0,1,1,0,1,3,0,0,0,0,0,0,0,0
service-freeboxligne.com,0,0,/assurez/,1,http,0,0,0,1,1,1,0,1,1,0,1,2,0,0,0,0,0,0,0,0
tisch-und-decke.de,0,0,/Gon/cpanel/,1,http,0,0,0,1,0,1,0,1,0,0,1,3,0,0,0,0,0,0,0,0
bunchyogurt.com,1,0,/wp-content/themes/x/framework/css/index.php,0,http,0,1,1,0,0,1,0,1,0,1,1,1,0,0,0,0,0,0,0,0
confluentc.com,0,0,/images/excelfile/1bfc02a75ee568412279b969645fd856/,0,http,0,0,2,0,0,0,0,1,0,0,1,1,0,0,0,0,0,0,0,0
wish4job.com,0,0,/page/mpelidrop.html,0,http,0,0,0,2,0,2,0,1,0,0,1,1,0,0,0,0,0,0,0,0
mzansinet.co.za,0,0,/log/all/d/DHL%20AUTO/,0,http,0,0,0,1,0,1,0,1,0,1,1,1,0,0,0,0,0,0,0,0
recoveri-legalfb-acct2017.esy.es,0,0,/index.html,1,http,0,2,0,1,1,1,0,1,1,0,1,3,0,0,0,0.08,0,1,0,0
cover-acct0926.esy.es,0,0,/index.html,1,http,0,2,0,1,1,1,0,1,1,0,1,2,0,0,0,0.16,0,0,0,0
resolve-acct6548.esy.es,0,0,/recovery-chekpoint-login.html,1,http,0,2,2,1,1,1,0,1,1,0,1,2,0,0,0,0.2,0,0,0,0
yeusinhly.com.vn,0,0,/t.php,0,http,0,2,0,1,1,1,0,1,0,0,1,1,0,0,0,0,0,0,0,0
yeusinhly.com.vn,0,0,/themes/in.php,0,http,0,2,0,1,1,1,0,1,0,0,1,1,0,0,0,0,0,0,0,0
www.sqi-mail.com,0,0,/Dropbox/d231f317f2b3e9015b76d9fff7746648/verify.php,1,http,0,2,2,1,1,1,0,1,1,0,1,2,0,0,0,0,0,0,0,0
mdllanos.com,0,0,/wp/qouta/Aldomain/mailbox/domain/,0,http,0,0,0,0,1,1,0,1,0,0,1,1,0,0,0,0,0,0,0,0
baitherbackreview.com,0,0,/wp-content/gtex/,0,http,0,0,0,1,1,1,0,1,1,0,1,1,0,0,0,0,0,0,0,0
amirerfanian.ir,0,0,/wp-admin/ivxn/home/,0,http,0,0,0,1,0,1,0,1,1,0,1,1,0,0,0,0,0,0,0,0
habercinimnette.tk,0,0,/index2.php,0,http,0,0,0,1,0,1,0,1,0,0,1,1,0,0,0,0,0,0,0,1
www.santiagoingaramo.com.ar,0,0,/tmp/Google101/Google/dld/us/,0,http,0,2,2,1,1,1,0,1,0,0,1,3,0,0,0,0,0,0,0,0
footkre.in,0,0,/docusingn/index.php,0,https,0,0,0,1,0,1,0,1,1,0,1,1,0,0,0,0,0,0,0,0
www.maxiking.com.bo,0,0,/LLC/Limited/,0,http,0,2,0,1,0,1,0,1,0,0,1,2,0,0,0,0,0,0,0,0
support-5560.hol.es,0,0,/log1.php,1,http,0,2,0,1,1,1,0,1,1,0,1,3,0,0,0,0.17,0,0,0,0
www.geko.fr,0,0,/components/com_contact/models/new/1.php,0,http,0,2,2,0,0,1,0,1,0,0,1,2,0,0,0,0,0,0,0,0
mskindia.net,0,0,/security/frontier/frontier.html,0,https,0,0,0,0,0,1,0,1,0,0,1,1,0,0,0,0,0,0,0,0
innoscript.nl,0,0,/paypal-customer/webapps/,0,http,0,0,0,1,0,1,0,1,1,0,1,1,0,0,0,0,0,0,0,0
himatemia.undip.ac.id,0,0,/wp-content/uploads/2017/02/Zeska_seznam_verify-email_security/general_login.htm,0,http,0,1,1,2,0,2,0,1,0,0,0,2,0,0,0,0,0,0,0,0
13453765871837679316.googlegroups.com,0,0,/attach/5ed5d019a6363180/docfile..htm,0,http,0,1,1,2,0,2,0,1,0,0,0,1,0,0,0,0.8,0,0,0,0
www.andrewrobertsllc.info,0,0,/adobe/adb/83d3ff008ee17e6bcc985ac921303666/index2.htm,0,http,0,2,1,0,0,0,0,1,0,0,1,2,0,0,0,0,0,0,0,1
bit.ly,0,0,/2oOkGv9,0,http,0,0,0,1,0,1,0,1,0,1,0,1,0,0,0,0,0,0,0,0
www.stchartered.com,0,0,/images/adb/,0,http,0,0,0,2,0,2,0,1,0,0,1,2,0,0,0,0,0,0,0,0
